Chemin,Taille (Mo),Modifié,Disque
C:/pagefile.sys,8058.07,2026-07-03 15:46:47,C:/
C:/hiberfil.sys,6505.29,2026-07-02 22:51:57,C:/
C:/Users\PROBOOK 650 G3\Downloads\SHAREit\AutoCAD.2025\Autodesk.AutoCAD.2025.1.ru-en.iso,3203.47,2026-06-22 14:25:27,C:/
C:/Users\PROBOOK 650 G3\Downloads\Hollow Knight Silksong\data1.bin,1938.82,2026-06-25 11:30:14,C:/
E:/setup\OllamaSetup.exe,1848.42,2026-04-14 07:04:26,E:/
C:/Users\PROBOOK 650 G3\Downloads\Hollow Knight Silksong\bonus.bin,1567.73,2026-06-25 11:27:29,C:/
C:/Users\PROBOOK 650 G3\Downloads\Nine Sols [FitGirl Repack]\fg-01.bin,1330.83,2026-06-21 08:32:44,C:/
E:/setup\_Getintopc.com_SketchUp_Pro_2024_v24.0.594\SketchUp_Pro_2024_v24.0.594\SketchUpFull-2024-0-594-241.exe,1107.1,2024-09-03 20:45:06,E:/
C:/Users\PROBOOK 650 G3\Downloads\Nine Sols [FitGirl Repack]\fg-02.bin,950.16,2026-06-21 08:33:04,C:/
C:/Users\PROBOOK 650 G3\Downloads\g572.16-desktop-win10-win11-64bit-international-dch-whql.exe,805.54,2025-02-12 04:03:20,C:/
C:/Users\Public\Documents\Wondershare\gfilmora_64bit_full7552.exe,779.8,2024-12-20 23:30:19,C:/
"C:/Users\PROBOOK 650 G3\Downloads\Telegram Desktop\Weathring With You [ Tenki No ko, Les Enfants du Temps ] VF_.mkv",765.5,2026-05-18 03:32:18,C:/
E:/setup\LDPlayer_9.1.67.0.exe,760.29,2025-10-11 15:35:02,E:/
C:/Users\PROBOOK 650 G3\Downloads\Telegram Desktop\Moi 20quand 20je 20me 20réincarne 20en 20Slime 20 20Tear.mkv,714.85,2026-06-28 11:55:07,C:/
C:/Users\PROBOOK 650 G3\AppData\Local\Programs\Ollama\lib\ollama\rocm_v7_1\ggml-hip.dll,714.37,2026-06-05 07:48:46,C:/
C:/Users\PROBOOK 650 G3\AppData\Local\Programs\Ollama\lib\ollama\cuda_v12\cublasLt64_12.dll,660.37,2026-06-05 07:48:36,C:/
C:/Users\PROBOOK 650 G3\Downloads\rhino_fr-fr_8.32.26160.13001.exe,635.42,2026-06-20 06:18:53,C:/
C:/ProgramData\Pie64_5.22.164.1002.exe,618.61,2026-02-08 02:58:44,C:/
C:/Users\PROBOOK 650 G3\Downloads\Telegram Desktop\Gekijouban – Himegoto wa Nan Desu ka Movie Vostfr.mp4,605.82,2026-06-08 06:41:22,C:/
C:/Users\PROBOOK 650 G3\AppData\Local\lm-studio-updater\installer.exe,579.28,2026-05-14 06:41:20,C:/
E:/setup\LM-Studio-0.4.12-1-x64.exe,579.28,2026-05-14 06:41:22,E:/
E:/setup\BIMcloud-2025.3.exe,488.27,2025-11-04 05:20:56,E:/
C:/Users\PROBOOK 650 G3\AppData\Local\Programs\Ollama\lib\ollama\cuda_v13\cublasLt64_13.dll,455.76,2026-06-05 07:48:38,C:/
C:/ProgramData\IObit\Driver Booster\Backups\Intel(R)_HD_Graphics_620_win10_amd64-6473250.dbb,431.35,2026-02-15 18:36:53,C:/
C:/ProgramData\Intel\GFXInstaller\Installer\IntelGFX_MemoryDump_Installer_20260412T235131.dmp,430.43,2026-04-12 23:51:37,C:/
C:/Users\PROBOOK 650 G3\AppData\Local\Roblox\rbx-storage.db,425.05,2026-05-18 12:20:37,C:/
E:/setup\blender-5.1.1-windows-x64.msi,354.27,2026-04-21 06:58:32,E:/
C:/Users\PROBOOK 650 G3\AppData\Local\Programs\Ollama\lib\ollama\cuda_v12\ggml-cuda.dll,353.99,2026-06-05 07:48:36,C:/
C:/ProgramData\WPS\Installers\4926780c5b21ffb906fee7e4a0326c2a-22_Personal_Office_i18n_Free.exe.300.909.exe,348.98,2026-06-04 08:42:45,C:/
C:/ProgramData\WPS\Installers\a07243ee209e9e2b4798e64bcb899d48_Personal_Office_i18n_Free.exe.300.909.exe,348.85,2026-06-02 18:01:38,C:/
C:/Users\PROBOOK 650 G3\Downloads\Telegram Desktop\video_2026-05-18_01-42-38.mp4,341.9,2026-05-18 02:44:21,C:/
C:/Users\PROBOOK 650 G3\Downloads\Telegram Desktop\[@webtoonsworld] My Bias Gets On The Last Train chap 36-43.zip,326.69,2026-06-25 03:11:17,C:/
C:/Users\PROBOOK 650 G3\AppData\Local\genclaw-updater\installer.exe,320.84,2026-04-29 14:54:14,C:/
E:/setup\GenClaw-win-x64-0.1.701.exe,320.84,2026-04-29 14:54:14,E:/
E:/setup\GenClaw-win-x64-0.1.701.zip,320.64,2026-05-13 20:06:30,E:/
E:/setup\gfx_win_101.2130.exe,308.12,2024-11-05 13:42:02,E:/
C:/Users\PROBOOK 650 G3\AppData\Local\CapCut\Videos\0508.mp4,301.49,2026-05-08 23:23:24,C:/
C:/Users\PROBOOK 650 G3\Downloads\Telegram Desktop\Nouveau dossier (2)\@webtoonsworld_🈴️_Magic_Academy’s_Genius_Blinker_84_86.cbz,293.25,2026-06-28 11:10:30,C:/
C:/Users\PROBOOK 650 G3\AppData\Local\CapCut\Videos\0529 (1).mp4,292.69,2026-05-29 23:40:39,C:/
E:/setup\gfx_win_101.2141.exe,278.43,2026-04-12 20:48:46,E:/
E:/setup\gfx_win_101.2137.exe,277.93,2025-11-01 15:36:56,E:/
C:/Users\PROBOOK 650 G3\Downloads\Telegram Desktop\Marriage_Toxin_S1\marriage 20toxin.mkv,272.05,2026-07-03 15:16:06,C:/
E:/setup\_Getintopc.com_Artlantis_2021_v9.5.2.26606\Artlantis_2021_v9.5.2.26606\Setup.exe,263.49,2021-04-11 09:49:24,E:/
E:/Nouveau dossier (2)\[ ✨@Animesvf_237✨] DR STONE S04 P03 EP 09 VF HD.MP4,261.06,2026-05-28 20:18:04,E:/
C:/Users\PROBOOK 650 G3\Downloads\Nine Sols [FitGirl Repack]\fg-03.bin,256.45,2026-06-21 08:31:34,C:/
C:/Users\PROBOOK 650 G3\Downloads\Telegram Desktop\Nouveau dossier (2)\@webtoonsWorld_Magic_Academy’s_Genius_Blinker_Chapitre_69_77🈵.cbz,256.32,2026-06-28 11:24:52,C:/
C:/Users\PROBOOK 650 G3\AppData\Local\Programs\Opera GX\132.0.5905.110\opera_browser.dll,256.31,2026-07-02 12:40:29,C:/
C:/Users\PROBOOK 650 G3\AppData\Local\Programs\Python\Python313\Lib\site-packages\torch\lib\torch_cpu.dll,253.51,2026-04-16 21:34:18,C:/
C:/Users\PROBOOK 650 G3\AppData\Roaming\Python\Python314\site-packages\torch\lib\torch_cpu.dll,253.51,2026-04-26 13:05:40,C:/
C:/Users\PROBOOK 650 G3\rag-local\Lib\site-packages\torch\lib\torch_cpu.dll,253.51,2026-04-17 11:16:17,C:/
C:/Users\PROBOOK 650 G3\Downloads\Telegram Desktop\[@Animes_hebdo] Re Zero S04 EP05 VF.mp4,253.22,2026-05-08 06:08:33,C:/
C:/Users\PROBOOK 650 G3\Downloads\Telegram Desktop\[@webtoonsworld] My Bias Gets On The Last Train chap 21-25.zip,251.51,2026-06-25 06:40:29,C:/
C:/Users\PROBOOK 650 G3\AppData\Local\OpenAI\Codex\bin\fb2111b91430cb17\codex.exe,247.55,2026-06-05 01:42:31,C:/
C:/Users\PROBOOK 650 G3\AppData\Local\CapCut\Apps\8.5.0.3590\VECreator.dll,247.42,2026-04-19 14:30:53,C:/
C:/Users\PROBOOK 650 G3\Downloads\Telegram Desktop\[@webtoonsworld] My Bias Gets On The Last Train chap 26-30.zip,237.17,2026-06-25 07:14:43,C:/
C:/Users\PROBOOK 650 G3\Downloads\Telegram Desktop\[@webtoonsworld] My Bias Gets On The Last Train chap 31-35.zip,231.75,2026-06-25 08:26:54,C:/
C:/Users\PROBOOK 650 G3\Downloads\Telegram Desktop\[@webtoonsworld] My Bias Gets On The Last Train chap 16-20.zip,230.16,2026-06-25 05:42:26,C:/
E:/Nouveau dossier (2)\[ ✨@Animesvf_237✨] DR STONE S04 P03 EP 06 VF HD.MP4,222.51,2026-05-07 18:58:02,E:/
C:/Users\PROBOOK 650 G3\Downloads\Telegram Desktop\There_as_a_cute_girl_in_the_hero's_party\6.mp4,219.72,2026-06-25 15:59:40,C:/
C:/Users\PROBOOK 650 G3\AppData\Local\Programs\Canva\Canva.exe,212.81,2026-04-10 07:21:58,C:/
C:/Users\PROBOOK 650 G3\Downloads\Telegram Desktop\Nouveau dossier (2)\@webtoonsworld_🈴️_Magic_Academy’s_Genius_Blinker_80_83.cbz,212.01,2026-06-28 11:16:40,C:/
E:/data\Maman\WhatsApp Documents\Montage_paroisse_mèdedji.mp4,211.99,2024-11-03 02:16:40,E:/
C:/Users\PROBOOK 650 G3\AppData\Local\CapCut\Videos\0508(2).mp4,210.81,2026-05-15 18:56:31,C:/
C:/Users\PROBOOK 650 G3\AppData\Local\Programs\Microsoft VS Code\Code.exe,208.02,2026-06-23 09:53:14,C:/
C:/Users\PROBOOK 650 G3\AppData\Local\CapCut\Apps\8.5.0.3590\cef\libcef.dll,207.47,2026-04-19 14:30:28,C:/
C:/ProgramData\IObit\Driver Booster\Download\12467C55667E383D80868182EAB80F9E_12467c55667e383d80868182eab80f9e.dbx,205.23,2026-02-15 18:20:14,C:/
C:/Users\PROBOOK 650 G3\Downloads\Telegram Desktop\Wistoria 20Wand 20and 20Sword 20S02E12 20VOSTFR 20720p 2.mp4,203.54,2026-06-29 14:55:34,C:/
C:/Users\PROBOOK 650 G3\Downloads\Telegram Desktop\I'm_standing_on_million_lives\_⭐@ROI_ISEKAI⭐I'M_STANDING_ON_MILLION_LIVES_S01_EP08_VF.MKV,201.37,2026-06-25 05:52:31,C:/
E:/setup\Setup_BIMmTool_28.02.R01.exe,201.31,2025-09-29 04:29:00,E:/
C:/Users\PROBOOK 650 G3\AppData\Local\Programs\LM Studio\LM Studio.exe,200.61,2026-04-17 00:28:18,C:/
E:/setup\Surface3_4GLTE-VZ_Win10_18362_1902003_0.msi,198.97,2025-11-01 13:46:56,E:/
C:/Users\PROBOOK 650 G3\AppData\Roaming\Telegram Desktop\Telegram.exe,198.62,2026-06-16 06:54:21,C:/
E:/Nouveau dossier (2)\That_Time_I_Got_Reincarnated_as_a_Slime_S04_EP09_VOSTFR_Non_Convertie.mkv,193.31,2026-06-14 21:23:24,E:/
C:/Users\PROBOOK 650 G3\AppData\Local\canva-updater\installer.exe,189.23,2026-04-19 14:09:51,C:/
C:/Users\PROBOOK 650 G3\AppData\Local\canva-updater\pending\Canva-Setup-1.122.0.exe,189.23,2026-04-19 14:09:51,C:/
C:/Users\PROBOOK 650 G3\AppData\Local\Programs\Opera\117.0.5408.197\opera_browser.dll,188.37,2025-04-20 00:35:45,C:/
C:/Users\PROBOOK 650 G3\AppData\Local\Programs\Opera\117.0.5408.53\opera_browser.dll,188.33,2025-03-16 01:33:31,C:/
C:/Users\PROBOOK 650 G3\AppData\Local\Roblox\Versions\version-dabb43efc3a944c6\RobloxStudioBeta.exe,187.13,2026-01-31 17:44:54,C:/
C:/Users\PROBOOK 650 G3\Downloads\Telegram Desktop\[ @AnimeInstant10 ] ONE PIECE – ARC ELBAF Ep1162 Vostfr HD.mkv,186.56,2026-05-21 17:16:23,C:/
C:/Users\PROBOOK 650 G3\Downloads\Telegram Desktop\I'm_standing_on_million_lives\_⭐@ROI_ISEKAI⭐I'M_STANDING_ON_MILLION_LIVES_S01_EP02_VF.MKV,185.54,2026-06-25 08:10:16,C:/
E:/Nouveau dossier (2)\ReZero.kara.Hajimeru.Isekai.Seikatsu.S04E09.1080p.AMZN.W.mkv,178.17,2026-06-03 21:58:06,E:/
C:/Users\PROBOOK 650 G3\Downloads\Telegram Desktop\I'm_standing_on_million_lives\_⭐@ROI_ISEKAI⭐I'M_STANDING_ON_MILLION_LIVES_S01_EP06_VF.MKV,176.43,2026-06-25 06:29:18,C:/
C:/Users\PROBOOK 650 G3\Downloads\Telegram Desktop\I'm_standing_on_million_lives\_⭐@ROI_ISEKAI⭐I'M_STANDING_ON_MILLION_LIVES_S01_EP04_VF.MKV,173.84,2026-06-25 07:04:55,C:/
C:/Users\PROBOOK 650 G3\Downloads\Telegram Desktop\Farming 20Life 20in 20Another 20World 20S02E07 20VOSTFR.mp4,173.62,2026-05-21 17:18:25,C:/
C:/Users\PROBOOK 650 G3\Downloads\Telegram Desktop\That_20Time_20I_20Got_20Reincarnated_20as_20a_20Slime_20S04E12_20VOSTFR.mkv,170.45,2026-06-28 11:34:29,C:/
E:/setup\_Getintopc.com_Qbitec_for_Revit_1.1.1\Qbitec_for_Revit_1.1.1\qbitecSetup-1.1.1.exe,170.16,2025-04-03 09:36:40,E:/
C:/Users\PROBOOK 650 G3\Downloads\Telegram Desktop\I'm_standing_on_million_lives\_⭐@ROI_ISEKAI⭐I'M_STANDING_ON_MILLION_LIVES_S01_EP03_VF.MKV,167.78,2026-06-25 07:38:56,C:/
E:/Nouveau dossier (2)\5_6197361396917739650.mkv,165.49,2026-03-22 22:48:52,E:/
C:/Users\PROBOOK 650 G3\Downloads\Telegram Desktop\Shokei Shoujo no Ikiru Michi\video_2022-05-14_17-10-47_7349363024704716800.mp4,164.79,2026-06-25 05:07:41,C:/
C:/Users\PROBOOK 650 G3\Downloads\Telegram Desktop\[@webtoonsworld] My Bias Gets On The Last Train chap 11-15.zip,164.59,2026-06-25 06:05:44,C:/
C:/Users\PROBOOK 650 G3\Downloads\Telegram Desktop\_✨@Animesvf_237✨_REZERO_STARTING_LIFE_IN_ANOTHER_WORLD_S04_EP09.MP4,163.4,2026-06-04 08:40:18,C:/
E:/Nouveau dossier (2)\dr_Remove.mkv,162.78,2026-06-04 22:48:20,E:/
C:/Users\PROBOOK 650 G3\Downloads\Telegram Desktop\stream 3884.mp4,162.45,2026-05-30 19:20:25,C:/
E:/Nouveau dossier (2)\5BErai_raws_5D20Youkoso20Jitsuryoku20Shijou20Shugi20no20Kyoushitsu20e20S420.mp4,160.31,2026-06-10 19:09:18,E:/
E:/Nouveau dossier (2)\4_5888643919389925159.mp4,160.15,2026-03-21 18:00:40,E:/
C:/Users\PROBOOK 650 G3\Downloads\Telegram Desktop\ReZero.kara.Hajimeru.Isekai.Seikatsu.S04E08.1080p.AMZN.W.mp4,157.42,2026-05-28 23:14:24,C:/
C:/Users\PROBOOK 650 G3\Downloads\Telegram Desktop\Log_Horizon_S2\[Trix] Log Horizon - S02E25 (AV1 720p Opus).mkv,157.07,2026-07-03 15:27:21,C:/
C:/Users\PROBOOK 650 G3\Downloads\Telegram Desktop\[@webtoonsworld] My Bias Gets On The Last Train chap 6-10.zip,154.59,2026-06-25 05:21:02,C:/
C:/Users\PROBOOK 650 G3\Downloads\Telegram Desktop\Log_Horizon_S2\[Trix] Log Horizon - S02E11 (AV1 720p Opus).mkv,154.54,2026-07-03 15:29:58,C:/
E:/Nouveau dossier (2)\4_5918061310041398880.mp4,153.01,2026-03-25 18:15:36,E:/
C:/Users\PROBOOK 650 G3\Downloads\Telegram Desktop\Log_Horizon_S2\[Trix] Log Horizon - S02E20 (AV1 720p Opus).mkv,152.38,2026-07-03 15:10:46,C:/
C:/Users\PROBOOK 650 G3\Downloads\Telegram Desktop\I'm_standing_on_million_lives\_⭐@ROI_ISEKAI⭐I'M_STANDING_ON_MILLION_LIVES_S01_EP01_VF.MKV,151.62,2026-06-25 08:39:01,C:/
E:/Nouveau dossier (2)\Pleure pour cette  fleur\[@Scanfr6] Tears on a Withered Flower chap 16-20.cbz,149.98,2026-03-12 23:19:10,E:/
E:/Nouveau dossier (2)\4_5951548890875439042.mp4,149.7,2026-04-08 15:51:54,E:/
C:/Users\PROBOOK 650 G3\AppData\Local\CapCut\Apps\8.5.0.3590\cccreator.dll,149.37,2026-04-19 14:30:10,C:/
C:/Users\PROBOOK 650 G3\Downloads\Telegram Desktop\Classroom_of_the_elite_S04_EP15_VOSTFR_Convertie_@AnimeGinga_@otaku.mkv,149.21,2026-06-18 20:29:22,C:/
C:/Users\PROBOOK 650 G3\Downloads\Telegram Desktop\[@webtoonsworld] My Bias Gets On The Last Train chap 1-5.zip,148.01,2026-06-25 04:57:00,C:/
C:/Users\PROBOOK 650 G3\Downloads\Telegram Desktop\Nouveau dossier (2)\@webtoonsWorld_Magic_Academy’s_Genius_Blinker_Chapitre_59_68🈵.zip,147.9,2026-06-28 11:28:38,C:/
E:/Nouveau dossier (2)\Pleure pour cette  fleur\[@Scanfr6] Tears on a Withered Flower chap 21-25.cbz,145.09,2026-03-12 23:20:10,E:/
E:/Nouveau dossier (2)\Classroom_of_the_elite_S04_EP13_VF_Non_Convertie_@AnimeGinga_@otaku.MP4,142.75,2026-06-03 19:28:32,E:/
C:/ProgramData\Autodesk\Geospatial Coordinate Systems 15.01\Egm\Und_min2.5x2.5_egm2008_isw=82_WGS84_TideFree_SE,142.45,2026-04-22 06:37:16,C:/
E:/setup\UnityHubSetup-x64.exe,141.65,2026-04-24 07:13:44,E:/
E:/Nouveau dossier (2)\1_5093638472103626992.mkv,141.43,2026-04-08 15:45:12,E:/
E:/Nouveau dossier (2)\4_5958520417365792705.mkv,141.25,2026-04-08 15:40:14,E:/
C:/Users\PROBOOK 650 G3\Downloads\Telegram Desktop\I'm_standing_on_million_lives\_⭐@ROI_ISEKAI⭐I'M_STANDING_ON_MILLION_LIVES_S01_EP10_VF.MKV,140.6,2026-06-25 05:12:51,C:/
C:/Users\PROBOOK 650 G3\Downloads\Telegram Desktop\Clevatless\Clevatess_S01_EP01_VF@AnimeGinga_@otaku_sekailiste@AnimeGinga_FR.mp4,138.89,2026-06-28 16:54:50,C:/
E:/Nouveau dossier (2)\Pleure pour cette  fleur\[@Scanfr6] Tears on a Withered Flower chap 11-15.cbz,137.51,2026-03-12 23:18:26,E:/
C:/Users\PROBOOK 650 G3\Downloads\Telegram Desktop\Classroom_20of_20the_20Elite_20S04E16_20VOSTFR_20720p_20WEB_20x264.mkv,137.24,2026-06-25 01:06:55,C:/
C:/Users\PROBOOK 650 G3\Downloads\Telegram Desktop\Classroom_20of_20the_20Elite_20S04E12_20VOSTFR_20720p_20WEB_20x264.mkv,135.65,2026-05-28 23:14:39,C:/
C:/Users\PROBOOK 650 G3\Downloads\Telegram Desktop\Log_Horizon_S2\[Trix] Log Horizon - S02E03 (AV1 720p Opus).mkv,133.88,2026-07-03 15:35:19,C:/
C:/Users\PROBOOK 650 G3\Downloads\Telegram Desktop\[ @AnimeInstant10 ] WISTORIA_ WAND AND SWORD S02 EP05 VOSTFR.mp4,132.58,2026-05-10 12:51:27,C:/
C:/Users\PROBOOK 650 G3\Downloads\Telegram Desktop\Log_Horizon_S2\[Trix] Log Horizon - S02E14 (AV1 720p Opus).mkv,131.01,2026-07-03 15:31:52,C:/
C:/Users\PROBOOK 650 G3\Downloads\Telegram Desktop\Log_Horizon_S2\[Trix] Log Horizon - S02E08 (AV1 720p Opus).mkv,130.62,2026-07-03 15:35:42,C:/
C:/Users\PROBOOK 650 G3\Downloads\Telegram Desktop\Log_Horizon_S2\[Trix] Log Horizon - S02E24 (AV1 720p Opus).mkv,130.56,2026-07-03 14:50:28,C:/
C:/Users\PROBOOK 650 G3\Downloads\Telegram Desktop\There_as_a_cute_girl_in_the_hero's_party\5.mp4,130.27,2026-06-25 15:22:31,C:/
C:/Users\PROBOOK 650 G3\Downloads\Telegram Desktop\There_as_a_cute_girl_in_the_hero's_party\3.mp4,128.65,2026-06-25 13:54:15,C:/
C:/Users\PROBOOK 650 G3\Downloads\Telegram Desktop\Log_Horizon_S2\[Trix] Log Horizon - S02E07 (AV1 720p Opus).mkv,127.56,2026-07-03 15:35:45,C:/
C:/Users\PROBOOK 650 G3\Downloads\Telegram Desktop\@webtoonsworld_✨My_Bias_Gets_On_The_Last_Train_chap_57_63✨.cbz,127.44,2026-07-02 12:46:46,C:/
C:/Users\PROBOOK 650 G3\Downloads\Telegram Desktop\Log_Horizon_S2\[Trix] Log Horizon - S02E21 (AV1 720p Opus).mkv,126.76,2026-07-03 14:39:08,C:/
C:/Users\PROBOOK 650 G3\Downloads\Telegram Desktop\Log_Horizon_S2\[Trix] Log Horizon - S02E19 (AV1 720p Opus).mkv,126.74,2026-07-03 14:37:16,C:/
C:/Users\PROBOOK 650 G3\Downloads\Telegram Desktop\Marriage_Toxin_S1\MARRIAGE TOXIN S01 EP09 VF Non convertie [@AnimeGinga] [@ota.MP4,125.92,2026-07-03 12:50:40,C:/
E:/setup\nvidia-geforce-experience-3-28-0-417.exe,125.56,2026-01-31 18:15:10,E:/
E:/Nouveau dossier (2)\Pleure pour cette  fleur\[@Scanfr6] Tears on a Withered Flower chap 1-5.cbz,125.46,2026-03-12 23:14:16,E:/
C:/Users\PROBOOK 650 G3\Downloads\Telegram Desktop\[ ✨@Animesvf_237✨] DR STONE S04 P03 EP13 VF CONVERTIE.MP4,125.06,2026-06-25 19:53:51,C:/
C:/Eudes\TOUT EN UN - CS2BA -.pdf,123.57,2026-02-26 11:51:02,C:/
E:/data\eudes\Sent\DOC-20251105-WA0095,123.57,2025-11-05 09:53:32,E:/
E:/Nouveau dossier\TOUT EN UN - CS2BA -.pdf,123.57,2026-02-26 11:51:02,E:/
C:/Users\PROBOOK 650 G3\Downloads\Telegram Desktop\Log_Horizon_S2\[Trix] Log Horizon - S02E02 (AV1 720p Opus).mkv,123.22,2026-07-03 14:34:43,C:/
C:/Users\PROBOOK 650 G3\Downloads\Telegram Desktop\Log_Horizon_S2\[Trix] Log Horizon - S02E09 (AV1 720p Opus).mkv,122.72,2026-07-03 14:57:58,C:/
C:/Users\PROBOOK 650 G3\AppData\Local\Roblox\Versions\version-ec412128eba3476e\RobloxPlayerBeta.exe,121.58,2026-05-18 03:55:41,C:/
C:/Users\PROBOOK 650 G3\Downloads\Telegram Desktop\S6 EP24 La reine de Frayeurville @Ydn.mp4,121.48,2026-05-26 05:29:20,C:/
E:/Nouveau dossier (2)\Pleure pour cette  fleur\[@Scanfr6] Tears on a Withered Flower chap 6-10.cbz,121.42,2026-03-12 23:15:26,E:/
C:/Users\PROBOOK 650 G3\Downloads\Telegram Desktop\Log_Horizon_S2\[Trix] Log Horizon - S02E01 (AV1 720p Opus).mkv,120.73,2026-07-03 15:30:41,C:/
C:/Users\PROBOOK 650 G3\AppData\Local\Google\Chrome\User Data\OptGuideOnDeviceClassifierModel\2026.2.12.1554\weights.bin,120.19,1980-01-01 01:00:00,C:/
C:/Users\PROBOOK 650 G3\AppData\Local\Roblox\Versions\version-689e359b09ad43b0\RobloxPlayerBeta.exe,119.48,2026-04-04 14:00:21,C:/
C:/Eudes\Archicad 28.pdf,119.33,2025-06-14 03:01:52,C:/
C:/Users\PROBOOK 650 G3\Downloads\Telegram Desktop\⭐@ROI_ISEKAI⭐Farming_Life_in_Another_World_Saison_2_EP05_VOSTFR.mkv,119.21,2026-05-07 18:44:54,C:/
C:/Users\PROBOOK 650 G3\Downloads\Telegram Desktop\_✨@Animesvf_237✨REZERO_STARTING_LIFE_IN_ANOTHER_WORLD_S04_EP011,119.1,2026-06-18 20:42:16,C:/
C:/Users\PROBOOK 650 G3\AppData\Local\Roblox\Downloads\roblox-player\d981c5d6c20b1914628a431b14fac900,118.89,2026-05-18 03:55:41,C:/
C:/Users\PROBOOK 650 G3\Downloads\Telegram Desktop\Shokei Shoujo no Ikiru Michi\video_2022-06-01_17-01-07_7349366896604320768.mp4,118.86,2026-06-25 09:14:44,C:/
C:/Users\PROBOOK 650 G3\Downloads\Telegram Desktop\Shokei Shoujo no Ikiru Michi\video_2022-05-23_04-37-50_.mp4,118.85,2026-06-25 04:23:14,C:/
C:/Users\PROBOOK 650 G3\Downloads\Telegram Desktop\Shokei Shoujo no Ikiru Michi\video_2022-06-06_02-21-03_.mp4,118.85,2026-06-25 09:26:28,C:/
C:/Users\PROBOOK 650 G3\Downloads\Telegram Desktop\Shokei Shoujo no Ikiru Michi\04.mp4,118.84,2026-06-25 04:19:13,C:/
E:/Nouveau dossier (2)\Kumichou Musume to Sewagakari\@Lemondesanimes_Kumichou_Musume_to_Sewagakari_12_VOSTFR_🔚.mp4,118.84,2026-06-08 02:57:06,E:/
E:/Nouveau dossier (2)\Kumichou Musume to Sewagakari\[@Lemondesanimes] Kumichou Musume to Sewagakari 11 VOSTFR.mkv,118.78,2026-06-08 03:05:26,E:/
C:/Users\PROBOOK 650 G3\Downloads\Telegram Desktop\Shokei Shoujo no Ikiru Michi\video_2022-06-20_14-06-55_7349370785110321152.mp4,118.7,2026-06-25 09:13:36,C:/
E:/setup\VSCodeUserSetup-x64-1.108.2.exe,118.65,2026-01-29 22:30:56,E:/
C:/Users\PROBOOK 650 G3\Downloads\Telegram Desktop\Log_Horizon_S2\[Trix] Log Horizon - S02E12 (AV1 720p Opus).mkv,118.64,2026-07-03 15:04:18,C:/
C:/Users\PROBOOK 650 G3\Downloads\Telegram Desktop\Log_Horizon_S2\[Trix] Log Horizon - S02E16 (AV1 720p Opus).mkv,115.67,2026-07-03 15:34:25,C:/
C:/XboxGames\Roblox\Content\RobloxPlayerBeta.exe,115.46,2026-02-27 05:46:29,C:/
C:/Users\PROBOOK 650 G3\Downloads\Telegram Desktop\Mission 20Yozakura 20Family 20S02E05 20SUBFRENCH 20720p .mkv,114.8,2026-05-21 17:39:42,C:/
E:/Nouveau dossier (2)\Hatakaru\Hataraku Maou-sama Saison 2 Episode 01 VF.mp4,114.07,2026-05-31 16:03:26,E:/
C:/Users\PROBOOK 650 G3\AppData\Local\CapCut\Videos\0508 (1).mp4,113.73,2026-05-09 00:07:15,C:/
C:/Users\PROBOOK 650 G3\Downloads\Telegram Desktop\Log_Horizon_S2\[Trix] Log Horizon - S02E22 (AV1 720p Opus).mkv,113.16,2026-07-03 14:32:12,C:/
E:/Nouveau dossier (2)\[ @Manga_ScanVF ] Wistoria _ Sand and Sword - Chapitre 44.cbz,112.41,2026-05-18 21:40:14,E:/
C:/Users\PROBOOK 650 G3\Downloads\Telegram Desktop\Class.mkv,111.81,2026-05-08 18:59:42,C:/
C:/Users\PROBOOK 650 G3\AppData\Local\pip\cache\http-v2\9\4\0\c\6\940c682eb1120e9a9911c018b0a1febf7958af4efadcc096c39e7ba5.body,110.98,2026-04-26 13:04:21,C:/
E:/Nouveau dossier (2)\[@Manga_scanvf] Wistoria_ Wand and Sword Chapitre 36-41.cbz,110.81,2026-05-18 20:58:10,E:/
C:/Users\PROBOOK 650 G3\AppData\Local\Programs\Ollama\lib\ollama\rocm_v7_1\amd_comgr0701.dll,109.93,2026-06-05 07:48:44,C:/
C:/Users\PROBOOK 650 G3\AppData\Local\Programs\Ollama\lib\ollama\rocm_v7_1\amd_comgr_3.dll,109.93,2026-06-05 07:48:44,C:/
C:/Users\PROBOOK 650 G3\AppData\Roaming\Code\CachedExtensionVSIXs\ms-azuretools.vscode-azure-github-copilot-1.0.209-win32-x64,109.73,2026-05-21 22:58:45,C:/
C:/Users\PROBOOK 650 G3\AppData\Local\pip\cache\http-v2\1\a\6\8\1\1a681ae6f580941900bd71a4a5bc4c89807f32ea766f411530405bbd.body,109.25,2026-04-17 11:09:55,C:/
C:/Users\PROBOOK 650 G3\AppData\Local\pip\cache\http-v2\c\9\0\4\1\c904137e7580fcb573ac3da32ee1db5654babed9b113305394af95d4.body,109.25,2026-04-16 21:28:58,C:/
E:/Nouveau dossier (2)\4_5920181439042691223.mp4,108.69,2026-03-26 18:10:54,E:/
E:/Nouveau dossier (2)\Hatakaru\Hataraku Maou-sama Saison 2 Episode 04 VF.mp4,108.65,2026-05-31 15:58:18,E:/
C:/Users\PROBOOK 650 G3\AppData\Local\Programs\Ollama\lib\ollama\cuda_v12\cublas64_12.dll,108.45,2026-06-05 07:48:34,C:/
C:/Users\PROBOOK 650 G3\Downloads\Telegram Desktop\Blue_box_S1\[@CrunchyrollFlashVF]Blue Box S01 EP12 VF.mp4,107.94,2026-07-03 13:28:32,C:/
E:/Nouveau dossier (2)\Hatakaru\Hataraku Maou-sama Saison 2 Episode 07 VF.mp4,107.73,2026-05-30 20:39:58,E:/
C:/Users\PROBOOK 650 G3\AppData\Local\AVAST Software\Browser\User Data\component_crx_cache\mfhmdacoffpmifoibamicehhklffanao_1.daeb6598177cd956b336d20798d07953735d9414ba4eecff3e2412df3bf35a21,107.02,2026-06-25 00:30:01,C:/
C:/Users\PROBOOK 650 G3\AppData\Local\Google\Chrome\User Data\component_crx_cache\daeb6598177cd956b336d20798d07953735d9414ba4eecff3e2412df3bf35a21,107.02,2026-06-21 00:58:15,C:/
C:/Users\PROBOOK 650 G3\Downloads\Telegram Desktop\_@CrunchyrollFlash_Hyou_ka___You_can't_escape_EP04_VOSTFR.mp4,106.85,2026-05-30 18:42:57,C:/
C:/Users\PROBOOK 650 G3\Downloads\Telegram Desktop\Log_Horizon_S2\[Trix] Log Horizon - S02E05 (AV1 720p Opus).mkv,106.48,2026-07-03 15:28:32,C:/
C:/Users\PROBOOK 650 G3\Downloads\Telegram Desktop\Log_Horizon_S2\[Trix] Log Horizon - S02E06 (AV1 720p Opus).mkv,106.02,2026-07-03 14:31:51,C:/
C:/Users\PROBOOK 650 G3\Downloads\Telegram Desktop\Wistoria 20Wand 20and 20Sword 20S02E11 20VOSTFR 20720p 2.mkv,105.56,2026-06-22 12:56:30,C:/
E:/Nouveau dossier (2)\Hatakaru\Hataraku Maou-sama Saison 2 Episode 03 VF.mp4,104.35,2026-05-31 16:05:44,E:/
C:/Users\PROBOOK 650 G3\Downloads\Telegram Desktop\Log_Horizon_S2\[Trix] Log Horizon - S02E13 (AV1 720p Opus).mkv,103.93,2026-07-03 15:08:11,C:/
C:/Users\PROBOOK 650 G3\Downloads\Telegram Desktop\Blue_box_S1\[@CrunchyrollFlashVF]Blue Box S01 EP05 VF.mp4,103.33,2026-07-03 13:12:12,C:/
C:/Users\PROBOOK 650 G3\Downloads\Telegram Desktop\Log_Horizon_S2\[Trix] Log Horizon - S02E23 (AV1 720p Opus).mkv,103.13,2026-07-03 14:58:01,C:/
C:/Users\PROBOOK 650 G3\Downloads\Telegram Desktop\Log_Horizon_S2\[Trix] Log Horizon - S02E04 (AV1 720p Opus).mkv,102.97,2026-07-03 15:11:44,C:/
C:/Users\PROBOOK 650 G3\Downloads\Telegram Desktop\Blue_box_S1\[@CrunchyrollFlashVF]Blue Box S01 EP01 VF.mp4,102.96,2026-07-03 12:59:27,C:/
E:/Nouveau dossier (2)\The_risinf_of_shield_hero_4\vid (2).mp4,102.13,2026-05-20 01:22:44,E:/
C:/Users\PROBOOK 650 G3\Downloads\Telegram Desktop\Log_Horizon_S2\[Trix] Log Horizon - S02E15 (AV1 720p Opus).mkv,101.89,2026-07-03 15:10:18,C:/
E:/Nouveau dossier (2)\Kumichou Musume to Sewagakari\[@Lemondesanimes] Kumichou Musume to Sewagakari 09 VOSTFR.mkv,101.63,2026-06-08 04:18:42,E:/
C:/Users\PROBOOK 650 G3\Downloads\Telegram Desktop\Marriage_Toxin_S1\MARRIAGE_TOXIN_S01_EP04_VF_@AnimeGinga_@otaku_sekailiste_@AnimeGinga.MP4,101.5,2026-07-03 12:37:30,C:/
E:/Nouveau dossier (2)\Buddy_daddies\srcIp=129_0_205_127_pr=40_expires=1676511535597_srcAg=CHROME_fro.mp4,101.38,2026-05-31 15:48:10,E:/
E:/Nouveau dossier (2)\S6 EP19 Riginarazione @Ydn.mp4,100.76,2026-05-04 12:27:54,E:/
C:/Users\PROBOOK 650 G3\Downloads\Telegram Desktop\Log_Horizon_S2\[Trix] Log Horizon - S02E18 (AV1 720p Opus).mkv,100.31,2026-07-03 14:29:02,C:/
C:/Users\PROBOOK 650 G3\Downloads\Telegram Desktop\Jfjdjdi.mkv,100.22,2026-05-11 06:07:34,C:/
E:/setup\inkscape-1.4.2_2025-05-13_f4327f4-x64.exe,99.08,2025-11-13 20:54:14,E:/
E:/Nouveau dossier (2)\Chillin_another_world\[ @AnimeInstant10 ]Chillin' in Another World E12 VF.mp4,99.01,2026-05-08 06:08:28,E:/
E:/Nouveau dossier (2)\[@Manga_scanvf] Wistoria_ Wand and Sword Chapitre 30-35.cbz,98.41,2026-05-18 21:12:10,E:/
E:/Nouveau dossier (2)\Hatakaru\Hataraku Maou-sama Saison 2 Episode 09 VF.mp4,98.2,2026-05-31 15:45:54,E:/
C:/Users\PROBOOK 650 G3\Downloads\Telegram Desktop\Clevatless\Clevatess_S01_EP10_VF@AnimeGinga_@otaku_sekailiste@AnimeGinga_FR.mp4,98.11,2026-06-28 16:34:37,C:/
C:/Users\PROBOOK 650 G3\iona_memoire\chroma.sqlite3,98.04,2026-04-26 15:38:04,C:/
C:/Users\PROBOOK 650 G3\Downloads\Telegram Desktop\Shokei Shoujo no Ikiru Michi\video_2022-04-18_03-46-57_.mp4,97.91,2026-06-25 04:12:19,C:/
C:/Users\PROBOOK 650 G3\Downloads\Telegram Desktop\Blue_box_S1\[@CrunchyrollFlashVF]Blue Box S01 EP01 VF (2).mp4,97.89,2026-07-03 13:03:47,C:/
E:/Nouveau dossier (2)\Kumichou Musume to Sewagakari\[@Lemondesanimes] Kumichou Musume to Sewagakari 03 VOSTFR.mkv,97.86,2026-06-08 03:19:48,E:/
C:/Users\PROBOOK 650 G3\Downloads\Telegram Desktop\Marriage_Toxin_S1\MARRIAGETOXIN 20S01E12 20VOSTFR 20720p 20WEB 20x264 20AA.mp4,97.74,2026-07-03 14:26:51,C:/
E:/setup\yuzu-1734\yuzu-windows-msvc\Qt5WebEngineCore.dll,97.28,2020-11-12 14:42:12,E:/
E:/Nouveau dossier (2)\Pleure pour cette  fleur\[@Scanfr6] Tears On A Withered Flowers chap 77-82.cbz,97.22,2026-03-12 23:02:16,E:/
E:/Nouveau dossier (2)\Hatakaru\Hataraku Maou-sama Saison 2 Episode 12 VF.mp4,97.14,2026-05-31 16:02:08,E:/
E:/Nouveau dossier (2)\Chillin_another_world\[ @AnimeInstant10 ]Chillin' in Another World E11 VF.mp4,96.75,2026-05-08 06:08:22,E:/
E:/Nouveau dossier (2)\The_risinf_of_shield_hero_4\New_raws_Tate_no_Yuusha_no_Nariagari_S4_05_1080p_Bstation.mkv,96.19,2026-05-20 01:44:50,E:/
E:/setup\Emuyuzu.com-Yuzu-EA-4176.zip,95.76,2024-11-16 00:33:30,E:/
C:/Users\PROBOOK 650 G3\AppData\Roaming\Code\CachedExtensionVSIXs\ms-windows-ai-studio.windows-ai-studio-1.6.1-win32-x64,95.7,2026-06-25 13:45:23,C:/
E:/setup\yuzu-1734.zip,95.43,2024-11-16 00:34:56,E:/
C:/Users\PROBOOK 650 G3\Downloads\Telegram Desktop\Log_Horizon_S2\[Trix] Log Horizon - S02E17 (AV1 720p Opus).mkv,95.34,2026-07-03 14:57:07,C:/
E:/Nouveau dossier (2)\The_risinf_of_shield_hero_4\New_raws_Tate_no_Yuusha_no_Nariagari_S4_08_1080p_Bstation.mkv,95.21,2026-05-20 00:59:26,E:/
E:/Nouveau dossier (2)\4_5882137469138246918.mp4,95.03,2026-03-22 19:14:24,E:/
C:/Users\PROBOOK 650 G3\Downloads\Telegram Desktop\Blue_box_S1\[@CrunchyrollFlashVF]Blue Box S01 EP13 VF.mp4,95.01,2026-07-03 13:30:39,C:/
E:/data\eudes\Sent\DOC-20250309-WA0003,94.93,2025-03-09 00:18:00,E:/
C:/Users\PROBOOK 650 G3\Downloads\Telegram Desktop\Blue_box_S1\[@CrunchyrollFlashVF]Blue Box S01 EP14 VF.mp4,94.59,2026-07-03 13:33:14,C:/
C:/ProgramData\Microsoft\Windows Defender\Definition Updates\{3282CF2C-8FA0-4DAD-80D2-336EA38DAA46}\mpasbase.vdm,94.57,2024-11-05 13:28:42,C:/
C:/Users\PROBOOK 650 G3\Downloads\Telegram Desktop\Tsukimichi_Moonlit_Fantasy_2\Tsuki ga Michibiku Isekai Douchuu - S02E21 - 480p WEB x2 (2).mp4,94.54,2026-06-25 02:19:54,C:/
C:/Users\PROBOOK 650 G3\Downloads\Telegram Desktop\Marriage_Toxin_S1\_MARRIAGE_TOXIN_S01_EP07_VF_convertie_@AnimeGinga_@otaku_sekailiste.MP4,94.27,2026-07-03 12:44:47,C:/
C:/Users\PROBOOK 650 G3\Downloads\Telegram Desktop\Blue_box_S1\[@CrunchyrollFlashVF]Blue Box S01 EP03 VF.mp4,93.91,2026-07-03 13:07:54,C:/
C:/Users\PROBOOK 650 G3\Downloads\Telegram Desktop\Tsukimichi_Moonlit_Fantasy_2\20.mp4,93.45,2026-06-25 00:42:36,C:/
C:/Users\PROBOOK 650 G3\Downloads\Telegram Desktop\Clevatless\Clevatess_S01_EP08_VF@AnimeGinga_@otaku_sekailiste@AnimeGinga_FR.mp4,93.43,2026-06-28 16:26:30,C:/
C:/Users\PROBOOK 650 G3\Downloads\Telegram Desktop\Clevatless\Clevatess_S01_EP09_VF@AnimeGinga_@otaku_sekailiste@AnimeGinga_FR.mp4,93.37,2026-06-28 16:31:05,C:/
C:/Users\PROBOOK 650 G3\AppData\Local\Programs\Ollama\lib\ollama\cuda_v13\ggml-cuda.dll,93.11,2026-06-05 07:48:38,C:/
C:/Users\PROBOOK 650 G3\Downloads\Telegram Desktop\Log_Horizon_S2\[Trix] Log Horizon - S02E10 (AV1 720p Opus).mkv,92.71,2026-07-03 15:33:23,C:/
E:/Nouveau dossier (2)\Hatakaru\Hataraku Maou-sama Saison 2 Episode 10 VF.mp4,92.7,2026-05-31 16:00:00,E:/
C:/Users\PROBOOK 650 G3\Downloads\Telegram Desktop\There_as_a_cute_girl_in_the_hero's_party\7.mp4,92.45,2026-06-25 14:53:58,C:/
E:/Nouveau dossier (2)\Hatakaru\Hataraku Maou-sama Saison 2 Episode 06 VF.mp4,92.39,2026-05-31 15:57:16,E:/
C:/Users\PROBOOK 650 G3\Downloads\Telegram Desktop\Blue_box_S1\[@CrunchyrollFlashVF]Blue Box S01 EP04 VF.mp4,92.1,2026-07-03 13:10:08,C:/
E:/Nouveau dossier (2)\S6 EP21 Les Titans chaînes @Ydn.mp4,92.05,2026-05-04 12:18:04,E:/
C:/Users\PROBOOK 650 G3\Downloads\Telegram Desktop\Blue_box_S1\[@CrunchyrollFlashVF]Blue Box S01 EP11 VF.mp4,91.05,2026-07-03 13:26:03,C:/
C:/Users\PROBOOK 650 G3\Downloads\Telegram Desktop\Clevatless\[@A_N_I_M_E_VF™] Clevatess S01 EP07 VF.mp4,91.03,2026-06-28 16:22:54,C:/
E:/Nouveau dossier (2)\Pleure pour cette  fleur\[@Scanfr6] Tears On A Withered Flowers chap 85-89.cbz,90.96,2026-03-12 22:59:58,E:/
C:/Users\PROBOOK 650 G3\Downloads\Telegram Desktop\Blue_box_S1\[@CrunchyrollFlashVF]Blue Box S01 EP15 VF.mp4,90.94,2026-07-03 13:34:58,C:/
E:/setup\Zotero-9.0.4_x64_setup.exe,90.78,2026-05-30 04:18:10,E:/
E:/Nouveau dossier (2)\Hatakaru\Hataraku Maou-sama Saison 2 Episode 02 VF.mp4,90.63,2026-05-31 16:02:56,E:/
C:/Users\PROBOOK 650 G3\Downloads\Telegram Desktop\One 20Piece 20S01E1163 20VOSTFR 20720p 20WEB 20x264 20AA.mkv,90.18,2026-05-24 23:38:19,C:/
C:/Users\PROBOOK 650 G3\Downloads\Telegram Desktop\[Erai-raws] Takopii no Genzai - 01 [480p CR WEB-DL AVC AAC][.mkv,90.17,2026-05-10 13:36:22,C:/
C:/Users\PROBOOK 650 G3\Downloads\Telegram Desktop\Clevatless\[@A_N_I_M_E_VF™] Clevatess S01 EP11 VF.mp4,90.07,2026-06-28 16:39:05,C:/
E:/Nouveau dossier (2)\Chillin_another_world\[ @AnimeInstant10 ]Chillin' in Another World E03 VF.mp4,90.07,2026-05-07 21:31:20,E:/
C:/Users\PROBOOK 650 G3\Downloads\Telegram Desktop\Blue_box_S1\[@CrunchyrollFlashVF]Blue Box S01 EP08 VF.mp4,89.41,2026-07-03 12:22:12,C:/
C:/Users\PROBOOK 650 G3\Downloads\Telegram Desktop\Nouveau dossier\[ @AnimesVFV0STFR ] I Parry Everything E01 S1 VF.mp4,89.32,2026-03-13 19:25:30,C:/
E:/setup\n3bao26w.exe,89.19,2024-11-05 14:11:08,E:/
E:/Nouveau dossier (2)\[ @Manga_ScanVF ] Wistoria _ Wand and Sword - Chapitre 43.cbz,88.68,2026-05-18 20:56:42,E:/
C:/Users\PROBOOK 650 G3\Downloads\Telegram Desktop\Marriage_Toxin_S1\[@AnimesGratuit_fr][SubsPlease] MARRIAGETOXIN - 11 (.mkv,88.67,2026-07-03 14:26:51,C:/
E:/Nouveau dossier (2)\[Scanfr] The Priest of Corruption chap 14-17.cbz,88.65,2026-06-01 18:29:36,E:/
C:/Users\PROBOOK 650 G3\Downloads\Telegram Desktop\Frieren Beyond Journey's End\[@My_Anime_TV] Frieren - Beyond Journey's End S01E07 VF.mp4,88.21,2026-07-03 12:55:40,C:/
E:/Nouveau dossier (2)\Chillin_another_world\[ @AnimeInstant10 ]Chillin' in Another World E01 VF.mp4,88.0,2026-05-08 06:08:02,E:/
E:/Nouveau dossier (2)\4_5960574219187134215.STONE S04 EP26 VF,87.79,2026-04-12 00:31:22,E:/
E:/Nouveau dossier (2)\The_water_magician\_The_Water_Magician_S01_E11_VOSTFR_@IsekaiListe_@AtlasFlintMaster.mkv,87.46,2026-05-20 02:11:54,E:/
C:/Users\PROBOOK 650 G3\Downloads\Telegram Desktop\Tsukimichi_Moonlit_Fantasy_2\1.mp4,87.34,2026-06-25 00:55:15,C:/
E:/Nouveau dossier (2)\Buddy_daddies\Buddy Dadd_360p (3).mp4,87.24,2026-05-31 15:50:54,E:/
C:/Users\PROBOOK 650 G3\AppData\Local\OpenAI\Codex\bin\5b9024f90663758b\node.exe,87.15,2026-06-05 01:45:13,C:/
E:/Nouveau dossier (2)\Hatakaru\Hataraku Maou-sama Saison 2 Episode 08 VF.mp4,87.12,2026-05-31 15:59:40,E:/
C:/Users\PROBOOK 650 G3\Downloads\Telegram Desktop\Blue_box_S1\[@CrunchyrollFlashVF]Blue Box S01 EP06 VF.mp4,86.84,2026-07-03 13:14:35,C:/
E:/Nouveau dossier (2)\Hatakaru\Wistoria__Wand_and_Sword_S02_EP08_VOSTFR_Convertie_@AnimeGinga_@otaku.mkv,86.62,2026-05-31 15:56:10,E:/
C:/Users\PROBOOK 650 G3\Downloads\Telegram Desktop\okaa_san\[@CrunchyrollFlash] Okaa-san Online EP12 VOSTFR #FIN.mkv,85.94,2026-06-28 14:44:46,C:/
C:/Users\PROBOOK 650 G3\Downloads\Telegram Desktop\Marriage_Toxin_S1\MARRIAGE_TOXIN_S01_EP01_VF_@AnimeGinga_@otaku_sekailiste_@AnimeGinga.MP4,85.93,2026-07-03 12:15:49,C:/
E:/Nouveau dossier (2)\Hatakaru\Hataraku Maou-sama Saison 2 Episode 05 VF.mp4,85.62,2026-05-30 20:28:42,E:/
C:/Users\PROBOOK 650 G3\Downloads\Telegram Desktop\Blue_box_S1\[@CrunchyrollFlashVF]Blue Box S01 EP10 VF.mp4,85.54,2026-07-03 13:24:04,C:/
C:/Users\PROBOOK 650 G3\Downloads\Telegram Desktop\Tsukimichi_Moonlit_Fantasy_2\12.mp4,85.5,2026-06-24 23:54:33,C:/
C:/Users\PROBOOK 650 G3\Downloads\Telegram Desktop\Blue_box_S1\[@CrunchyrollFlashVF]Blue Box S01 EP07 VF.mp4,85.37,2026-07-03 13:17:01,C:/
C:/Users\PROBOOK 650 G3\Downloads\Telegram Desktop\Blue_box_S1\[@CrunchyrollFlashVF]Blue Box S01 EP16 VF.mp4,85.26,2026-07-03 13:36:35,C:/
C:/Users\PROBOOK 650 G3\Downloads\Telegram Desktop\Blue_box_S1\[@CrunchyrollFlashVF]Blue Box S01 EP21 VF.mp4,85.12,2026-07-03 13:50:29,C:/
C:/Users\PROBOOK 650 G3\Downloads\Telegram Desktop\Tsukimichi_Moonlit_Fantasy_2\18.mp4,85.0,2026-06-25 02:09:59,C:/
C:/Users\PROBOOK 650 G3\Downloads\Telegram Desktop\Blue_box_S1\[@CrunchyrollFlashVF]Blue Box S01 EP22 VF.mp4,84.95,2026-07-03 13:52:59,C:/
C:/Users\PROBOOK 650 G3\Downloads\Telegram Desktop\Blue_box_S1\[@CrunchyrollFlashVF]Blue Box S01 EP25  VF.mp4,84.8,2026-07-03 12:10:05,C:/
C:/Users\PROBOOK 650 G3\Downloads\Telegram Desktop\Blue_box_S1\[@CrunchyrollFlashVF]Blue Box S01 EP19 VF.mp4,84.79,2026-07-03 13:44:56,C:/
C:/Users\PROBOOK 650 G3\Downloads\Telegram Desktop\Blue_box_S1\[@CrunchyrollFlashVF]Blue Box S01 EP24 VF.mp4,84.73,2026-07-03 13:55:36,C:/
C:/Users\PROBOOK 650 G3\Downloads\Telegram Desktop\Blue_box_S1\[@CrunchyrollFlashVF]Blue Box S01 EP23  VF.mp4,84.67,2026-07-03 13:55:19,C:/
C:/Users\PROBOOK 650 G3\AppData\Local\CapCut\Apps\8.5.0.3590\lens.dll,84.4,2026-04-19 14:30:17,C:/
C:/Users\PROBOOK 650 G3\Downloads\Telegram Desktop\Frieren Beyond Journey's End\[@My_Anime_TV] Frieren - Beyond Journey's End S01E09 VF.mp4,84.32,2026-07-03 13:06:32,C:/
C:/Users\PROBOOK 650 G3\Downloads\Telegram Desktop\Tsukimichi_Moonlit_Fantasy_2\4.mp4,84.31,2026-06-25 02:13:03,C:/
C:/Users\PROBOOK 650 G3\Downloads\Telegram Desktop\Takopi's_Original_Sin_S01E05_VOSTFR_720p_WEB_x264_AAC_T_mp4.mp4,84.29,2026-05-10 14:11:19,C:/
C:/Users\PROBOOK 650 G3\Downloads\Telegram Desktop\Blue_box_S1\[@CrunchyrollFlashVF]Blue Box S01 EP18 VF.mp4,84.25,2026-07-03 13:41:49,C:/
E:/Nouveau dossier (2)\[Scanfr] The Priest of Corruption chap 1-3.cbz,84.1,2026-06-01 18:26:10,E:/
E:/Nouveau dossier (2)\Tokyo_Revengers3\_Tokyo_Revengers_S03_EP13_VF_FIN_🔚_🔚_🔚_@AnimeGinga_@otaku_sekailiste.mp4,83.83,2026-06-15 14:36:02,E:/
E:/Nouveau dossier (2)\5_6149837034031685873.mp4,83.67,2026-03-22 19:23:50,E:/
C:/Users\PROBOOK 650 G3\Downloads\Telegram Desktop\Blue_box_S1\[@CrunchyrollFlashVF]Blue Box S01 EP20  VF.mp4,83.34,2026-07-03 13:48:00,C:/
E:/Nouveau dossier (2)\Chillin_another_world\[ @AnimeInstant10 ]Chillin' in Another World E04 VF.mp4,83.27,2026-05-07 21:50:52,E:/
C:/Users\PROBOOK 650 G3\Downloads\Telegram Desktop\[SubsPlease] Takopii no Genzai - 02 (480p) [CFBA4D93].mkv,82.89,2026-05-11 06:06:09,C:/
C:/Users\PROBOOK 650 G3\Downloads\Telegram Desktop\log_horizon\Log Horizon Episode 015 (VF).mp4,82.67,2026-06-29 14:31:10,C:/
C:/Users\PROBOOK 650 G3\Downloads\Telegram Desktop\video_2026-05-10_12-52-46.mp4,82.64,2026-05-10 13:55:55,C:/
E:/Nouveau dossier (2)\Buddy_daddies\video_2026-05-31_15-44-51.mp4,82.55,2026-05-31 15:55:58,E:/
E:/Nouveau dossier (2)\Buddy_daddies\Buddy Dadd_360p (2).mp4,82.34,2026-05-31 15:51:06,E:/
E:/Nouveau dossier (2)\Buddy_daddies\Buddy Dadd_360p.mp4,82.25,2026-05-31 15:51:02,E:/
C:/Users\PROBOOK 650 G3\Downloads\Telegram Desktop\log_horizon\Log Horizon Episode 017 (VF).mp4,82.22,2026-06-29 14:47:41,C:/
C:/Users\PROBOOK 650 G3\Downloads\Telegram Desktop\Shokei Shoujo no Ikiru Michi\05.mkv,82.1,2026-06-25 09:01:05,C:/
C:/Users\PROBOOK 650 G3\Downloads\Telegram Desktop\log_horizon\Log Horizon Episode 025 (VF).mp4,82.07,2026-06-28 17:20:56,C:/
C:/Users\PROBOOK 650 G3\Downloads\Telegram Desktop\log_horizon\Log Horizon Episode 014 (VF).mp4,82.02,2026-06-29 14:47:47,C:/
C:/Users\PROBOOK 650 G3\Downloads\Telegram Desktop\Blue_box_S1\[@CrunchyrollFlashVF]Blue Box S01 EP09 VF.mp4,81.95,2026-07-03 13:21:11,C:/
C:/Users\PROBOOK 650 G3\Downloads\Telegram Desktop\log_horizon\Log Horizon Episode 016 (VF).mp4,81.78,2026-06-29 14:13:31,C:/
C:/Users\PROBOOK 650 G3\Downloads\Telegram Desktop\log_horizon\Log Horizon Episode 013 (VF).mp4,81.76,2026-06-28 17:37:08,C:/
C:/Users\PROBOOK 650 G3\Downloads\Telegram Desktop\log_horizon\Log Horizon Episode 020 (VF).mp4,81.76,2026-06-29 14:48:05,C:/
C:/Users\PROBOOK 650 G3\Downloads\Telegram Desktop\log_horizon\Log Horizon Episode 012 (VF).mp4,81.52,2026-06-29 14:43:02,C:/
C:/Users\PROBOOK 650 G3\Downloads\Telegram Desktop\log_horizon\Log Horizon Episode 009 (VF).mp4,81.51,2026-06-29 14:51:39,C:/
C:/Users\PROBOOK 650 G3\Downloads\Telegram Desktop\okaa_san\[@CrunchyrollFlash] Okaa-san Online EP08 VOSTFR.mkv,81.51,2026-06-28 14:52:44,C:/
E:/setup\OneDriveSetup.exe,81.49,2025-03-16 01:18:46,E:/
C:/Users\PROBOOK 650 G3\Downloads\Telegram Desktop\log_horizon\Log Horizon Episode 010 (VF).mp4,81.46,2026-06-29 14:50:02,C:/
C:/Users\PROBOOK 650 G3\Downloads\Telegram Desktop\log_horizon\Log Horizon Episode 011 (VF).mp4,81.46,2026-06-28 17:38:48,C:/
C:/Users\PROBOOK 650 G3\Downloads\Telegram Desktop\Frieren Beyond Journey's End\[@My_Anime_TV] Frieren - Beyond Journey's End S01E01 VF.mp4,81.43,2026-07-03 12:17:29,C:/
C:/Users\PROBOOK 650 G3\Downloads\Telegram Desktop\log_horizon\Log Horizon Episode 019 (VF).mp4,81.42,2026-06-28 17:55:18,C:/
E:/Nouveau dossier (2)\Chillin_another_world\[ @AnimeInstant10 ]Chillin' in Another World E02 VF.mp4,81.39,2026-05-08 06:08:10,E:/
C:/Users\PROBOOK 650 G3\Downloads\Telegram Desktop\log_horizon\Log Horizon Episode 024 (VF).mp4,81.32,2026-06-28 17:49:45,C:/
C:/Users\PROBOOK 650 G3\Downloads\Telegram Desktop\Frieren Beyond Journey's End\[@My_Anime_TV] Frieren - Beyond Journey's End S01E05 VF.mp4,81.18,2026-07-03 12:41:23,C:/
C:/Users\PROBOOK 650 G3\Downloads\DAO (2).pdf,81.01,2026-06-05 11:07:36,C:/
C:/Users\PROBOOK 650 G3\Downloads\Telegram Desktop\okaa_san\[@CrunchyrollFlash] Okaa-san Online EP09 VOSTFR.mkv,80.88,2026-06-28 14:49:44,C:/
C:/Users\PROBOOK 650 G3\Downloads\Telegram Desktop\Shokei Shoujo no Ikiru Michi\06.mkv,80.61,2026-06-25 04:08:37,C:/
E:/Nouveau dossier (2)\Kumichou Musume to Sewagakari\[@Lemondesanimes] Kumichou Musume to Sewagakari 01 VOSTFR.mp4,80.6,2026-06-08 04:37:38,E:/
C:/Users\PROBOOK 650 G3\Downloads\Telegram Desktop\Frieren Beyond Journey's End\[@My_Anime_TV] Frieren - Beyond Journey's End S01E13 VF.mp4,80.5,2026-07-03 13:18:53,C:/
C:/Users\PROBOOK 650 G3\AppData\Roaming\SketchUp\SketchUp 2024\SketchUp\Plugins\su_revit_importer_installer\binaries\bin\OdBmSKP\TB_Base_26.8_17.tx,80.45,2025-12-19 14:27:24,C:/
E:/Nouveau dossier (2)\The_risinf_of_shield_hero_4\@ohefo (8).mp4,80.41,2026-05-20 00:40:00,E:/
E:/Nouveau dossier (2)\[Scanfr] The Priest of Corruption chap 4-6.cbz,80.3,2026-06-01 18:25:54,E:/
E:/Nouveau dossier (2)\Wistoria 20Wand 20and 20Sword 20S02E09 20VOSTFR 20720p 2.mp4,79.99,2026-06-08 18:46:16,E:/
C:/Users\PROBOOK 650 G3\Downloads\Telegram Desktop\Cc (3).mp4,79.79,2026-06-25 02:25:00,C:/
E:/Nouveau dossier (2)\Buddy_daddies\Buddy_Daddies_-_04_VOSTFR.mp4,79.74,2026-05-31 15:58:12,E:/
C:/Users\PROBOOK 650 G3\AppData\Local\Microsoft\OneDrive\24.244.1204.0003\OneDriveSetup.exe,79.71,2025-02-02 16:07:10,C:/
C:/Users\PROBOOK 650 G3\Downloads\Telegram Desktop\Blue_box_S1\[@CrunchyrollFlashVF]Blue Box S01 EP17 VF.mp4,79.65,2026-07-03 13:38:43,C:/
C:/Users\PROBOOK 650 G3\Downloads\Telegram Desktop\Tsukimichi_Moonlit_Fantasy_1\[@AnimesGratuit] Tsukimichi Moonlit Fantasy S01EP11 VOSTFR.mp4,79.63,2026-06-25 15:35:00,C:/
E:/Nouveau dossier (2)\5BErai_raws_5D20Re20Zero20kara20Hajimeru20Isekai20Seikat.mkv,79.24,2026-06-10 18:19:36,E:/
C:/Users\PROBOOK 650 G3\Downloads\Telegram Desktop\Farming 20Life 20in 20Another 20World 20S02E07 20VOSTFR (2).mp4,79.23,2026-05-24 23:35:19,C:/
E:/Nouveau dossier (2)\The_risinf_of_shield_hero_4\The.Rising.of.the.Shield.Hero.S04E04.The.Entrusted.P.mkv,79.21,2026-05-20 01:52:40,E:/
C:/ProgramData\Autodesk\Geospatial Coordinate Systems 14.06\Australia\Gda94\GDA94_GDA2020_conformal.gsb,79.18,2018-04-27 08:27:25,C:/
C:/ProgramData\Autodesk\Geospatial Coordinate Systems 14.06\Australia\Gda94\GDA94_GDA2020_conformal_and_distortion.gsb,79.18,2018-04-27 08:27:25,C:/
C:/ProgramData\Autodesk\Geospatial Coordinate Systems 15.01\Australia\Gda94\GDA94_GDA2020_conformal.gsb,79.18,2026-04-22 06:37:05,C:/
C:/ProgramData\Autodesk\Geospatial Coordinate Systems 15.01\Australia\Gda94\GDA94_GDA2020_conformal_and_distortion.gsb,79.18,2026-04-22 06:37:08,C:/
E:/Nouveau dossier (2)\Buddy_daddies\video_2026-05-31_15-44-19.mp4,79.17,2026-05-31 15:59:20,E:/
C:/Users\PROBOOK 650 G3\Downloads\Telegram Desktop\okaa_san\[@CrunchyrollFlash] Okaa-san Online EP11 VOSTFR.mkv,79.1,2026-06-28 14:45:50,C:/
C:/Users\PROBOOK 650 G3\Downloads\Telegram Desktop\Frieren Beyond Journey's End\[@My_Anime_TV] Frieren - Beyond Journey's End S01E10 VF.mp4,79.09,2026-07-03 13:10:21,C:/
C:/Users\PROBOOK 650 G3\Downloads\Telegram Desktop\Frieren Beyond Journey's End\[@My_Anime_TV] Frieren - Beyond Journey's End S01E25 VF.mp4,78.98,2026-07-03 13:42:58,C:/
C:/Users\PROBOOK 650 G3\Downloads\Telegram Desktop\Frieren Beyond Journey's End\[@My_Anime_TV] Frieren - Beyond Journey's End S01E03 VF.mp4,78.94,2026-07-03 12:29:26,C:/
E:/Nouveau dossier (2)\The_risinf_of_shield_hero_4\video 360p23.974fps 456.mp4,78.88,2026-05-20 06:08:30,E:/
C:/Users\PROBOOK 650 G3\Downloads\Telegram Desktop\Frieren Beyond Journey's End\[@My_Anime_TV] Frieren - Beyond Journey's End S01E18 VF.mp4,78.85,2026-07-03 13:32:31,C:/
C:/ProgramData\Oracle\Java\installcache_x64\baseimagefam8,78.73,2025-02-17 01:19:05,C:/
C:/Users\PROBOOK 650 G3\Downloads\Telegram Desktop\Frieren Beyond Journey's End\[@My_Anime_TV] Frieren - Beyond Journey's End S01E14 VF.mp4,78.69,2026-07-03 13:20:26,C:/
C:/Users\PROBOOK 650 G3\Downloads\Telegram Desktop\Frieren Beyond Journey's End\[@My_Anime_TV] Frieren - Beyond Journey's End S01E23 VF.mp4,78.28,2026-07-03 13:40:48,C:/
E:/Nouveau dossier (2)\Kumichou Musume to Sewagakari\[@Lemondesanimes] Kumichou Musume to Sewagakari 02 VOSTFR.mp4,78.24,2026-06-08 04:29:38,E:/
E:/Nouveau dossier (2)\4_5965579672858139249.mp4,78.13,2026-04-12 00:33:06,E:/
E:/Nouveau dossier\MEGAsyncSetup64.exe,77.66,2026-02-15 20:03:36,E:/
C:/ProgramData\Package Cache\E6B06E80A1CF3748A40BBD6BF8AF241A01E5ED6E\Graphics\libopencl-clang.so.9,77.6,2023-01-19 15:49:10,C:/
C:/Users\PROBOOK 650 G3\Downloads\Telegram Desktop\Frieren Beyond Journey's End\[@My_Anime_TV] Frieren - Beyond Journey's End S01E16 VF.mp4,77.53,2026-07-03 13:26:42,C:/
E:/Nouveau dossier (2)\Tokyo_Revengers3\_Tokyo_Revengers_S03_EP01_VF_@AnimeGinga_@otaku_sekailiste_@AnimeGinga.mp4,77.53,2026-06-15 10:58:50,E:/
E:/Nouveau dossier (2)\[@webtoonsworld] The Evil Ring - Chapitre 1-10🈵.cbz,77.36,2026-05-19 00:24:04,E:/
C:/Users\PROBOOK 650 G3\Downloads\Telegram Desktop\Frieren Beyond Journey's End\[@My_Anime_TV] Frieren - Beyond Journey's End S01E12 VF.mp4,77.26,2026-07-03 13:16:56,C:/
C:/Users\PROBOOK 650 G3\AppData\Roaming\Code\CachedExtensionVSIXs\.42f7ca94-7151-4c35-befc-a2ca7e31ece5,77.09,2026-05-05 12:12:13,C:/
C:/Users\PROBOOK 650 G3\Downloads\Telegram Desktop\Takopi's Original Sin S01E06 VOSTFR 720p WEB x264 AAC -T.mp4,77.07,2026-05-10 14:10:12,C:/
C:/Users\PROBOOK 650 G3\Downloads\Telegram Desktop\Frieren Beyond Journey's End\[@My_Anime_TV] Frieren - Beyond Journey's End S01E06 VF.mp4,77.05,2026-07-03 12:49:17,C:/
C:/Users\PROBOOK 650 G3\Downloads\Telegram Desktop\I'm_standing_on_million_lives\_⭐@ROI_ISEKAI⭐I'M_STANDING_ON_MILLION_LIVES_S01_EP05_VF.MKV,76.94,2026-06-25 06:40:08,C:/
E:/Nouveau dossier (2)\5BErai-raws 5D20Kanojo20Okarishimasu205th20Season20-200920 5.mkv,76.76,2026-06-03 19:28:34,E:/
C:/Users\PROBOOK 650 G3\AppData\Roaming\Code\CachedExtensionVSIXs\anthropic.claude-code-2.1.195-win32-x64,76.75,2026-06-29 14:23:04,C:/
C:/Users\PROBOOK 650 G3\Downloads\Telegram Desktop\Frieren Beyond Journey's End\[@My_Anime_TV] Frieren - Beyond Journey's End S01E11 VF.mp4,76.71,2026-07-03 13:12:58,C:/
C:/Users\PROBOOK 650 G3\Downloads\Telegram Desktop\Clevatless\Clevatess_S01_EP12_VF_FIN_🔚🔚🔚@AnimeGinga_@otaku_sekailiste@AnimeGinga.mp4,76.53,2026-06-28 16:41:23,C:/
C:/Users\PROBOOK 650 G3\Downloads\Telegram Desktop\okaa_san\[@CrunchyrollFlash] Okaa-san Online EP10 VOSTFR.mkv,76.43,2026-06-28 14:46:59,C:/
C:/Users\PROBOOK 650 G3\Downloads\Telegram Desktop\[@CrunchyrollVOSTFR] Dr. STONE Saison Finale Part 3 EP12 VOS.mp4,76.36,2026-06-18 20:15:23,C:/
E:/Nouveau dossier (2)\Tokyo_Revengers3\_Tokyo_Revengers_S03_EP11_VF_@AnimeGinga_@otaku_sekailiste_@AnimeGinga.mp4,76.36,2026-06-15 14:15:10,E:/
C:/Users\PROBOOK 650 G3\Downloads\Telegram Desktop\okaa_san\[@CrunchyrollFlash] Okaa-san Online EP04 VOSTFR.mkv,76.3,2026-06-28 14:57:52,C:/
C:/Users\PROBOOK 650 G3\Downloads\Telegram Desktop\okaa_san\[@CrunchyrollFlash] Okaa-san Online EP07 VOSTFR.mkv,76.23,2026-06-28 14:54:40,C:/
C:/Users\PROBOOK 650 G3\Downloads\Telegram Desktop\Tsukimichi_Moonlit_Fantasy_1\[@AnimesGratuit] Tsukimichi Moonlit Fantasy S01EP03 VOSTFR.mp4,76.19,2026-06-25 16:04:16,C:/
C:/Users\PROBOOK 650 G3\Downloads\Telegram Desktop\Frieren Beyond Journey's End\[@My_Anime_TV] Frieren - Beyond Journey's End S01E02 VF.mp4,76.16,2026-07-03 12:22:06,C:/
E:/Nouveau dossier (2)\Chillin_another_world\[ @AnimeInstant10 ]Chillin' in Another World E05 VF.mp4,76.05,2026-05-07 22:08:40,E:/
C:/Users\PROBOOK 650 G3\Downloads\Telegram Desktop\okaa_san\[@CrunchyrollFlash] Okaa-san Online EP05 VOSTFR.mkv,76.0,2026-06-28 14:56:56,C:/
C:/Users\PROBOOK 650 G3\Downloads\Telegram Desktop\Tsukimichi_Moonlit_Fantasy_2\3.mp4,75.99,2026-06-25 00:17:35,C:/
E:/Nouveau dossier (2)\Kumichou Musume to Sewagakari\[@Lemondesanimes] Kumichou Musume to Sewagakari 08 VOSTFR.mp4,75.77,2026-06-08 03:53:16,E:/
C:/ProgramData\Package Cache\E6B06E80A1CF3748A40BBD6BF8AF241A01E5ED6E\installer.exe,75.71,2022-10-20 14:09:38,C:/
C:/Users\PROBOOK 650 G3\Downloads\Telegram Desktop\Frieren Beyond Journey's End\[@My_Anime_TV] Frieren - Beyond Journey's End S01E20 VF.mp4,75.55,2026-07-03 13:38:39,C:/
C:/Users\PROBOOK 650 G3\Downloads\Telegram Desktop\Tsukimichi_Moonlit_Fantasy_1\[@AnimesGratuit] Tsukimichi Moonlit Fantasy S01EP01 VOSTFR.mp4,75.54,2026-06-25 16:08:47,C:/
C:/Users\PROBOOK 650 G3\Downloads\Telegram Desktop\Tsukimichi_Moonlit_Fantasy_2\6.mp4,75.4,2026-06-25 01:05:33,C:/
E:/Nouveau dossier (2)\Tokyo_Revengers3\_Tokyo_Revengers_S03_EP12_VF_@AnimeGinga_@otaku_sekailiste_@AnimeGinga.mp4,75.36,2026-06-15 14:30:16,E:/
E:/Nouveau dossier (2)\[Scanfr] The Priest of Corruption chap 11-13.cbz,75.19,2026-06-01 18:27:56,E:/
E:/Nouveau dossier (2)\The_risinf_of_shield_hero_4\[SubsPlease] Tate no Yuusha no Nariagari S4 - 06 (480p) .mkv,75.19,2026-05-20 01:15:28,E:/
C:/Users\PROBOOK 650 G3\Downloads\Telegram Desktop\Kanojo_Okarishimasu_5th_Season_-_06_360p.mp4,75.11,2026-06-03 21:52:16,C:/
C:/Users\PROBOOK 650 G3\Downloads\Telegram Desktop\Frieren Beyond Journey's End\[@My_Anime_TV] Frieren - Beyond Journey's End S01E04 VF.mp4,75.08,2026-07-03 12:35:08,C:/
C:/Users\PROBOOK 650 G3\AppData\Local\pip\cache\http-v2\8\2\3\7\f\8237fbc4f75cf47233bca66af6e0a5329c523cd87a237852854855d3.body,74.78,2026-07-03 16:01:55,C:/
C:/Users\PROBOOK 650 G3\Downloads\Telegram Desktop\Tsukimichi_Moonlit_Fantasy_1\[@AnimesGratuit] Tsukimichi Moonlit Fantasy S01EP04 VOSTFR.mp4,74.77,2026-06-25 15:13:00,C:/
C:/Users\PROBOOK 650 G3\Downloads\Telegram Desktop\Tsukimichi_Moonlit_Fantasy_2\5.mp4,74.6,2026-06-25 02:15:16,C:/
C:/Users\PROBOOK 650 G3\Downloads\Telegram Desktop\5BErai-raws 5D20Tensei20Shitara20Slime20Datta20Ken204th20Sea.mp4,74.51,2026-06-22 12:53:35,C:/
E:/Nouveau dossier (2)\Kumichou Musume to Sewagakari\[@Lemondesanimes] Kumichou Musume to Sewagakari 06 VOSTFR.mkv,74.49,2026-06-08 03:38:12,E:/
E:/Nouveau dossier (2)\4_5902197766729243418.mkv,74.41,2026-03-21 17:36:08,E:/
E:/Nouveau dossier (2)\Kumichou Musume to Sewagakari\[@Lemondesanimes] Kumichou Musume to Sewagakari 10 VOSTFR.mkv,74.36,2026-06-08 03:10:48,E:/
C:/Users\PROBOOK 650 G3\AppData\Local\CapCut\Videos\0508(1).mp4,74.24,2026-05-13 18:16:48,C:/
C:/Users\PROBOOK 650 G3\Downloads\Telegram Desktop\Tsukimichi_Moonlit_Fantasy_1\[@AnimesGratuit] Tsukimichi Moonlit Fantasy S01EP05 VOSTFR.mp4,74.24,2026-06-25 15:17:52,C:/
E:/setup\microsoft-net-7-0-sdk-4-8-1.exe,74.07,2025-05-12 03:38:32,E:/
E:/Nouveau dossier (2)\Chillin_another_world\[ @AnimeInstant10 ]Chillin' in Another World E07 VF.mp4,74.04,2026-05-07 22:34:50,E:/
E:/Nouveau dossier (2)\Buddy_daddies\video_2026-05-31_15-44-21.mp4,73.82,2026-05-31 15:57:12,E:/
E:/Nouveau dossier (2)\Chillin_another_world\[ @AnimeInstant10 ]Chillin' in Another World E10 VF.mp4,73.67,2026-05-08 06:08:10,E:/
C:/Users\PROBOOK 650 G3\Downloads\Telegram Desktop\Mission_Yozakura_Family_SUBFRENCH_720p_DSNP_WEB_DL_AAC2.mkv,73.57,2026-05-24 23:33:19,C:/
C:/Users\PROBOOK 650 G3\Downloads\Telegram Desktop\I'm_standing_on_million_lives\_⭐@ROI_ISEKAI⭐I'M_STANDING_ON_MILLION_LIVES_S01_EP11_VF.MKV,73.54,2026-06-25 04:48:25,C:/
E:/Nouveau dossier (2)\Hatakaru\Hataraku Maou-sama Saison 2 Episode 11 VF.mp4,73.53,2026-05-31 16:00:02,E:/
C:/Users\PROBOOK 650 G3\Downloads\Telegram Desktop\Shokei Shoujo no Ikiru Michi\video_2022-04-04_14-43-56_.mp4,73.52,2026-06-25 03:45:24,C:/
E:/Nouveau dossier (2)\The_risinf_of_shield_hero_4\vid.mp4,73.48,2026-05-20 01:28:54,E:/
E:/Nouveau dossier (2)\The_risinf_of_shield_hero_4\SubsPlease_Tate_no_Yuusha_no_Nariagari_S4_09_720p_21FBC3BF.mkv,73.38,2026-05-20 01:36:02,E:/
E:/Nouveau dossier (2)\Buddy_daddies\video_2026-05-31_15-44-36.mp4,73.05,2026-05-31 15:55:48,E:/
C:/Users\PROBOOK 650 G3\Downloads\Telegram Desktop\Frieren Beyond Journey's End\[@My_Anime_TV] Frieren - Beyond Journey's End S01E26 VF.mp4,73.02,2026-07-03 13:46:08,C:/
E:/Nouveau dossier (2)\Tokyo_Revengers3\_Tokyo_Revengers_S03_EP09_VF_@AnimeGinga_@otaku_sekailiste_@AnimeGinga.mp4,72.74,2026-06-15 13:29:14,E:/
E:/Nouveau dossier (2)\Chillin_another_world\[ @AnimeInstant10 ]Chillin' in Another World E08 VF.mp4,72.71,2026-05-07 22:41:12,E:/
C:/Users\PROBOOK 650 G3\Downloads\Telegram Desktop\S6 EP18 Les Crassetastrophes @Ydn.mp4,72.7,2026-05-24 23:09:12,C:/
C:/Users\PROBOOK 650 G3\Downloads\Telegram Desktop\Marriage_Toxin_S1\MARRIAGE_TOXIN_S01_EP03_VF_@AnimeGinga_@otaku_sekailiste_@AnimeGinga.MP4,72.67,2026-07-03 12:30:07,C:/
C:/Users\PROBOOK 650 G3\Downloads\Telegram Desktop\Frieren Beyond Journey's End\[@My_Anime_TV] Frieren - Beyond Journey's End S01E08 VF.mp4,72.61,2026-07-03 13:03:05,C:/
C:/Users\PROBOOK 650 G3\Downloads\Telegram Desktop\There_as_a_cute_girl_in_the_hero's_party\4.mp4,72.55,2026-06-25 15:04:12,C:/
C:/Users\PROBOOK 650 G3\Downloads\Telegram Desktop\Clevatless\Clevatess_S01_EP04_VF@AnimeGinga_@otaku_sekailiste@AnimeGinga_FR.mp4,72.35,2026-06-28 16:09:42,C:/
C:/Users\PROBOOK 650 G3\Downloads\Telegram Desktop\Tsukimichi_Moonlit_Fantasy_2\24.mp4,72.2,2026-06-25 00:17:09,C:/
C:/Users\PROBOOK 650 G3\Downloads\Telegram Desktop\Clevatless\Clevatess_S01_EP06_VF@AnimeGinga_@otaku_sekailiste@AnimeGinga_FR.mp4,72.13,2026-06-28 16:18:30,C:/
C:/Users\PROBOOK 650 G3\Downloads\Telegram Desktop\Tsukimichi_Moonlit_Fantasy_2\22.mp4,72.13,2026-06-25 01:17:37,C:/
E:/Nouveau dossier (2)\Chillin_another_world\[ @AnimeInstant10 ]Chillin' in Another World E06 VF.mp4,72.12,2026-05-07 22:23:48,E:/
C:/Users\PROBOOK 650 G3\Downloads\Telegram Desktop\Marriage_Toxin_S1\MARRIAGE TOXIN S01 EP010 VF convertie [@AnimeGinga] [@otaku_.MP4,72.04,2026-07-03 12:53:12,C:/
C:/Users\PROBOOK 650 G3\Downloads\Telegram Desktop\okaa_san\[@CrunchyrollFlash] Okaa-san Online EP03 VOSTFR.mkv,71.9,2026-06-28 14:58:42,C:/
C:/Users\PROBOOK 650 G3\Downloads\Telegram Desktop\Tsukimichi_Moonlit_Fantasy_1\[@AnimesGratuit] Tsukimichi Moonlit Fantasy S01EP09 VOSTFR.mp4,71.88,2026-06-25 16:17:42,C:/
E:/Nouveau dossier (2)\Chillin_another_world\[ @AnimeInstant10 ]Chillin' in Another World E09 VF.mp4,71.85,2026-05-07 22:46:20,E:/
C:/Users\PROBOOK 650 G3\Downloads\Telegram Desktop\There_as_a_cute_girl_in_the_hero's_party\9.mp4,71.78,2026-06-25 13:01:38,C:/
C:/Users\PROBOOK 650 G3\Downloads\Telegram Desktop\Nouveau dossier\[ @AnimesVFV0STFR ] I Parry Everything E09 S1 VF.mp4,71.7,2026-03-15 10:26:51,C:/
C:/Users\PROBOOK 650 G3\Downloads\Telegram Desktop\okaa_san\[@CrunchyrollFlash] Okaa-san Online EP06 VOSTFR.mkv,71.69,2026-06-28 14:55:52,C:/
C:/Users\PROBOOK 650 G3\Downloads\Telegram Desktop\Tsukimichi_Moonlit_Fantasy_1\[@AnimesGratuit] Tsukimichi Moonlit Fantasy S01EP06 VOSTFR.mp4,71.47,2026-06-25 13:39:44,C:/
E:/Nouveau dossier (2)\Buddy_daddies\video_2026-05-31_15-44-49.mp4,71.39,2026-05-31 15:54:16,E:/
E:/Nouveau dossier (2)\The_risinf_of_shield_hero_4\index-v1-a1 (2).mp4,71.28,2026-05-20 02:00:28,E:/
C:/Users\PROBOOK 650 G3\Downloads\Telegram Desktop\okaa_san\[@CrunchyrollFlash] Okaa-san Online EP01 VOSTFR.mkv,71.23,2026-06-28 15:00:30,C:/
E:/Nouveau dossier (2)\Tokyo_Revengers3\_Tokyo_Revengers_S03_EP07_VF_@AnimeGinga_@otaku_sekailiste_@AnimeGinga.mp4,71.17,2026-06-15 12:28:32,E:/
C:/Users\PROBOOK 650 G3\Downloads\Telegram Desktop\@webtoonsworld_🈴️_My_Bias_Gets_On_The_Last_Train_66_73.cbz,71.01,2026-07-02 12:29:34,C:/
E:/Nouveau dossier (2)\Wistoria__Wand_and_Sword_S02_EP10_VOSTFR_Convertie_@AnimeGinga_@otaku.mkv,70.94,2026-06-14 21:31:28,E:/
C:/Users\PROBOOK 650 G3\AppData\Roaming\Code\CachedExtensionVSIXs\continue.continue-1.2.22-win32-x64,70.93,2026-04-15 07:56:41,C:/
E:/Nouveau dossier (2)\[@CrunchyrollVOSTFR] Farming Life in Another World S02 EP10 .mkv,70.88,2026-06-08 18:41:40,E:/
C:/Users\PROBOOK 650 G3\Downloads\Telegram Desktop\okaa_san\[@CrunchyrollFlash] Okaa-san Online EP02 VOSTFR.mkv,70.8,2026-06-28 14:59:48,C:/
C:/Users\PROBOOK 650 G3\Downloads\Telegram Desktop\Nouveau dossier\[ @AnimesVFV0STFR ] I Parry Everything E08 S1 VF.mp4,70.74,2026-03-14 00:04:17,C:/
E:/Nouveau dossier (2)\[@webtoonsworld] The Evil Ring - Chapitre 11-20🈵.cbz,70.73,2026-05-19 00:17:58,E:/
E:/Nouveau dossier (2)\Kumichou Musume to Sewagakari\[@Lemondesanimes] Kumichou Musume to Sewagakari 07 VOSTFR.mkv,70.73,2026-06-08 03:44:10,E:/
C:/Users\PROBOOK 650 G3\Downloads\Telegram Desktop\Tsukimichi_Moonlit_Fantasy_2\2.mp4,70.69,2026-06-25 01:47:06,C:/
C:/Users\PROBOOK 650 G3\Downloads\Telegram Desktop\Tsukimichi_Moonlit_Fantasy_2\13.mp4,70.63,2026-06-25 01:55:45,C:/
C:/Users\PROBOOK 650 G3\Downloads\Telegram Desktop\log_horizon\Log Horizon Episode 023 (VF).mp4,70.58,2026-06-28 17:59:08,C:/
C:/Users\PROBOOK 650 G3\Downloads\Telegram Desktop\log_horizon\Log Horizon Episode 005 (VF).mp4,70.53,2026-06-29 14:26:52,C:/
E:/Nouveau dossier (2)\Pleure pour cette  fleur\[@Scanfr6] Tears On A Withered Flowers chap 83-84.cbz,70.53,2026-03-12 23:01:22,E:/
C:/Users\PROBOOK 650 G3\Downloads\Telegram Desktop\log_horizon\Log Horizon Episode 003 (VF).mp4,70.52,2026-06-28 17:56:09,C:/
C:/Users\PROBOOK 650 G3\Downloads\Telegram Desktop\Tsukimichi_Moonlit_Fantasy_2\8.mp4,70.45,2026-06-25 02:02:30,C:/
E:/Nouveau dossier (2)\[Scanfr] The Priest of Corruption chap 7-10.cbz,70.32,2026-06-01 18:23:48,E:/
E:/Nouveau dossier (2)\Buddy_daddies\Buddy_Daddies_-_05_VOSTFR.mp4,70.27,2026-05-31 15:54:34,E:/
C:/Users\PROBOOK 650 G3\Downloads\Telegram Desktop\There_as_a_cute_girl_in_the_hero's_party\5BNew_raws_5D20Yuusha20Party20ni20Kawaii20Ko20ga20Ita20node_2C2.mkv,70.05,2026-07-02 13:14:39,C:/
E:/Nouveau dossier (2)\Kumichou Musume to Sewagakari\[@Lemondesanimes] Kumichou Musume to Sewagakari 04 VOSTFR.mkv,70.05,2026-06-08 03:25:42,E:/
C:/Users\PROBOOK 650 G3\Downloads\Telegram Desktop\_That_Time_I_Got_Reincarnated_as_a_Slime_S04_EP10_VOSTFR_Convertie.mkv,69.87,2026-06-14 21:30:10,C:/
C:/Users\PROBOOK 650 G3\Downloads\Telegram Desktop\There_as_a_cute_girl_in_the_hero's_party\5BNew_raws_5D20Yuusha20Party20ni20Kawaii20Ko20ga20Ita20node_2C2 (2).mkv,69.87,2026-07-02 13:11:23,C:/
C:/Users\PROBOOK 650 G3\Downloads\Telegram Desktop\Tsukimichi_Moonlit_Fantasy_2\16.mp4,69.87,2026-06-25 02:17:50,C:/
E:/Nouveau dossier (2)\Buddy_daddies\Buddy_Daddies_-_07_VOSTFR.mp4,69.82,2026-05-31 16:03:20,E:/
C:/Users\PROBOOK 650 G3\Downloads\Telegram Desktop\log_horizon\Log Horizon Episode 004 (VF).mp4,69.8,2026-06-29 14:42:56,C:/
E:/Nouveau dossier (2)\4_5899740384010968000.mp4,69.8,2026-03-21 17:49:44,E:/
E:/Nouveau dossier (2)\Pleure pour cette  fleur\[@Scanfr6] Tears On A Withered Flowers chap 48-51.cbz,69.77,2026-03-12 23:07:38,E:/
C:/Users\PROBOOK 650 G3\Downloads\Garena-v2.0.exe,69.72,2026-06-24 15:48:27,C:/
C:/Users\PROBOOK 650 G3\Downloads\Telegram Desktop\Frieren Beyond Journey's End\[@My_Anime_TV] Frieren - Beyond Journey's End S01E15 VF.mp4,69.71,2026-07-03 13:22:24,C:/
E:/Nouveau dossier (2)\4_5904385038954274960.mkv,69.63,2026-03-21 17:46:50,E:/
C:/Users\PROBOOK 650 G3\Downloads\Telegram Desktop\Shokei Shoujo no Ikiru Michi\video_2022-04-12_05-37-28_7349351900227446784.mp4,69.57,2026-06-25 04:11:21,C:/
E:/Nouveau dossier (2)\4_5897774418565798836.mp4,69.28,2026-03-21 17:43:06,E:/
C:/Users\PROBOOK 650 G3\Downloads\Telegram Desktop\Clevatless\Clevatess_S01_EP05_VF@AnimeGinga_@otaku_sekailiste@AnimeGinga_FR.mp4,69.18,2026-06-28 16:14:43,C:/
C:/Users\PROBOOK 650 G3\Downloads\Telegram Desktop\I'm_standing_on_million_lives\_⭐@ROI_ISEKAI⭐I'M_STANDING_ON_MILLION_LIVES_S01_EP07_VF.MKV,69.08,2026-06-25 06:02:31,C:/
C:/Users\PROBOOK 650 G3\Downloads\Telegram Desktop\Tsukimichi_Moonlit_Fantasy_1\[@AnimesGratuit] Tsukimichi Moonlit Fantasy S01EP02 VOSTFR.mp4,68.93,2026-06-25 13:36:13,C:/
E:/setup\Algobox_1.1.1_Win_x64.msi,68.92,2025-04-14 00:31:22,E:/
C:/Users\PROBOOK 650 G3\Downloads\Telegram Desktop\Tsukimichi_Moonlit_Fantasy_2\7.mp4,68.89,2026-06-25 00:57:52,C:/
E:/Nouveau dossier (2)\4_5933921739502263946.mp4,68.79,2026-04-01 10:43:54,E:/
C:/Users\PROBOOK 650 G3\Downloads\Telegram Desktop\Nouveau dossier\[ @AnimesVFV0STFR ] I Parry Everything E07 S1 VF.mp4,68.43,2026-03-13 23:50:01,C:/
C:/Users\PROBOOK 650 G3\AppData\Roaming\SketchUp\SketchUp 2024\SketchUp\Plugins\su_pcp\stg\bin\binaries.zip,68.35,2025-10-13 14:09:04,C:/
C:/Users\PROBOOK 650 G3\Downloads\Telegram Desktop\Tsukimichi_Moonlit_Fantasy_1\[@AnimesGratuit] Tsukimichi Moonlit Fantasy S01EP07 VOSTFR.mp4,68.25,2026-06-25 16:04:09,C:/
C:/Users\PROBOOK 650 G3\Downloads\Telegram Desktop\[@webtoonsworld] My Bias Gets On The Last Train chap 21-25\Chapter 21.cbz,68.2,2025-09-21 22:59:10,C:/
C:/Users\PROBOOK 650 G3\Downloads\Telegram Desktop\Tsukimichi_Moonlit_Fantasy_2\17.mp4,68.03,2026-06-25 02:07:01,C:/
E:/Nouveau dossier (2)\Tokyo_Revengers3\_Tokyo_Revengers_S03_EP10_VF_@AnimeGinga_@otaku_sekailiste_@AnimeGinga.mp4,67.78,2026-06-15 13:43:18,E:/
C:/Users\PROBOOK 650 G3\Downloads\Telegram Desktop\Erai_raws_Dr_Stone_Science_Future_Part_3_08_480p_CR_WEB_.mkv,67.71,2026-05-21 17:39:43,C:/
E:/Nouveau dossier (2)\ka.mkv,67.55,2026-06-03 19:22:40,E:/
C:/Users\PROBOOK 650 G3\Downloads\Telegram Desktop\Tsukimichi_Moonlit_Fantasy_1\[@AnimesGratuit] Tsukimichi Moonlit Fantasy S01EP10 VOSTFR.mp4,67.44,2026-06-25 15:51:19,C:/
C:/Users\PROBOOK 650 G3\Downloads\Telegram Desktop\Nouveau dossier\[ @AnimesVFV0STFR ] I Parry Everything E04 S1 VF.mp4,67.32,2026-03-13 22:09:47,C:/
C:/Users\PROBOOK 650 G3\Downloads\Telegram Desktop\[@webtoonsworld] My Bias Gets On The Last Train chap 44-50.cbz,67.25,2026-07-02 12:50:47,C:/
C:/Users\PROBOOK 650 G3\Downloads\Telegram Desktop\log_horizon\Log Horizon Episode 002 (VF).mp4,67.11,2026-06-28 17:23:47,C:/
C:/Users\PROBOOK 650 G3\Downloads\Telegram Desktop\I'm_standing_on_million_lives\_⭐@ROI_ISEKAI⭐I'M_STANDING_ON_MILLION_LIVES_S01_EP09_VF.MKV,67.05,2026-06-25 05:23:21,C:/
C:/Users\PROBOOK 650 G3\Downloads\Telegram Desktop\log_horizon\Log Horizon Episode 001 (VF).mp4,67.05,2026-06-29 14:27:34,C:/
C:/Users\PROBOOK 650 G3\Downloads\Telegram Desktop\Tsukimichi_Moonlit_Fantasy_2\23.mp4,66.93,2026-06-25 00:23:32,C:/
E:/Nouveau dossier (2)\@AnimeGinga_fr_That_Time_I_Got_Reincarnated_as_a_Slime_S04_EP07.mp4,66.92,2026-05-30 14:41:06,E:/
E:/Nouveau dossier (2)\_Dr_STONE_Saison_4___SCIENCE_FUTURE_PARTIE_3_EP_11_VF_@IsekaiListe.mp4,66.78,2026-06-11 23:22:02,E:/
C:/Users\PROBOOK 650 G3\Downloads\Telegram Desktop\Clevatless\Clevatess_S01_EP03_VF@AnimeGinga_@otaku_sekailiste@AnimeGinga_FR.mp4,66.68,2026-06-28 16:43:41,C:/
C:/Users\PROBOOK 650 G3\Downloads\Telegram Desktop\Frieren Beyond Journey's End\[@My_Anime_TV] Frieren - Beyond Journey's End S01E22 VF.mp4,66.54,2026-07-03 14:00:26,C:/
C:/Users\PROBOOK 650 G3\Downloads\Telegram Desktop\A (10).mkv,66.38,2026-06-08 05:25:05,C:/
E:/Nouveau dossier (2)\The_risinf_of_shield_hero_4\The.Rising.of.the.Shield.Hero.S04E03.The.True.People.108.mp4,65.94,2026-05-20 01:11:04,E:/
C:/Users\PROBOOK 650 G3\Downloads\Telegram Desktop\@MyAnimeFrench_Lord_El_Melloi_II_Sei_no_Jikenbo_S01_E02_VOSTFR.mov,65.91,2026-05-20 02:54:50,C:/
C:/Users\PROBOOK 650 G3\Downloads\Telegram Desktop\A (4).mkv,65.91,2026-06-08 05:04:51,C:/
C:/Users\PROBOOK 650 G3\Downloads\Telegram Desktop\@MyAnimeFrench_Lord_El_Melloi_II_Sei_no_Jikenbo_S01_E12_VOSTFR.mov,65.86,2026-05-20 03:41:23,C:/
C:/Users\PROBOOK 650 G3\Downloads\Telegram Desktop\A (2).mkv,65.77,2026-06-08 06:06:39,C:/
C:/Users\PROBOOK 650 G3\Downloads\Telegram Desktop\A (7).mkv,65.76,2026-06-08 05:44:38,C:/
C:/Users\PROBOOK 650 G3\Downloads\Telegram Desktop\Nouveau dossier\[ @AnimesVFV0STFR ] I Parry Everything E10 S1 VF.mp4,65.75,2026-03-15 11:11:09,C:/
C:/Users\PROBOOK 650 G3\Downloads\Telegram Desktop\A (5).mkv,65.73,2026-06-08 05:54:06,C:/
C:/Users\PROBOOK 650 G3\Downloads\Telegram Desktop\A (6).mkv,65.73,2026-06-08 05:46:36,C:/
C:/Users\PROBOOK 650 G3\Downloads\Telegram Desktop\A.mkv,65.61,2026-06-08 05:03:43,C:/
C:/Users\PROBOOK 650 G3\Downloads\Telegram Desktop\A (3).mkv,65.53,2026-06-08 06:06:56,C:/
C:/Users\PROBOOK 650 G3\Downloads\Telegram Desktop\A (9).mkv,65.53,2026-06-08 05:26:23,C:/
E:/Nouveau dossier (2)\Kumichou Musume to Sewagakari\[@Lemondesanimes] Kumichou Musume to Sewagakari 05 VOSTFR.mkv,65.51,2026-06-08 03:31:18,E:/
C:/Users\PROBOOK 650 G3\Downloads\Telegram Desktop\@MyAnimeFrench_Lord_El_Melloi_II_Sei_no_Jikenbo_S01_E11_VOSTFR.mov,65.5,2026-05-20 03:36:38,C:/
C:/Users\PROBOOK 650 G3\Downloads\Telegram Desktop\log_horizon\Log Horizon Episode 021 (VF).mp4,65.48,2026-06-29 14:24:29,C:/
C:/Users\PROBOOK 650 G3\Downloads\Telegram Desktop\Nouveau dossier\[ @AnimesVFV0STFR ] I Parry Everything E03 S1 VF.mp4,65.46,2026-03-13 20:25:24,C:/
C:/ProgramData\Adobe\ARM\Acrobat_26.001.21662\AcroRdrDCx64Upd2600121691_MUI_incr.msp,65.41,2026-06-25 05:20:50,C:/
C:/Users\PROBOOK 650 G3\Downloads\Telegram Desktop\A (8).mkv,65.4,2026-06-08 05:37:20,C:/
E:/Nouveau dossier (2)\The_water_magician\_The_Water_Magician_S01_E02_VOSTFR_@IsekaiListe_@AtlasFlintMaster.mp4,65.23,2026-05-20 02:24:34,E:/
C:/Users\PROBOOK 650 G3\AppData\Local\Programs\Opera GX\132.0.5905.110\opera.pak,65.15,2026-07-02 12:40:28,C:/
C:/Users\PROBOOK 650 G3\Downloads\Telegram Desktop\log_horizon\Log Horizon Episode 008 (VF).mp4,65.08,2026-06-28 17:23:07,C:/
C:/Users\PROBOOK 650 G3\Downloads\Telegram Desktop\@MyAnimeFrench_Lord_El_Melloi_II_Sei_no_Jikenbo_S01_E10_VOSTFR.mov,65.06,2026-05-20 03:32:03,C:/
C:/Users\PROBOOK 650 G3\Downloads\Telegram Desktop\log_horizon\Log Horizon Episode 018 (VF).mp4,65.05,2026-06-28 17:18:01,C:/
C:/Users\PROBOOK 650 G3\Downloads\Telegram Desktop\@MyAnimeFrench_Lord_El_Melloi_II_Sei_no_Jikenbo_S01_E04_VOSTFR.mov,64.99,2026-05-20 03:03:50,C:/
E:/Nouveau dossier (2)\Tokyo_Revengers3\_Tokyo_Revengers_S03_EP05_VF_@AnimeGinga_@otaku_sekailiste_@AnimeGinga.mp4,64.94,2026-06-15 11:40:32,E:/
C:/Users\PROBOOK 650 G3\Downloads\Telegram Desktop\@MyAnimeFrench_Lord_El_Melloi_II_Sei_no_Jikenbo_S01_E09_VOSTFR.mov,64.92,2026-05-20 03:27:28,C:/
C:/Users\PROBOOK 650 G3\Downloads\Telegram Desktop\log_horizon\Log Horizon Episode 007 (VF).mp4,64.88,2026-06-28 17:25:28,C:/
C:/Users\PROBOOK 650 G3\Downloads\Telegram Desktop\@MyAnimeFrench_Lord_El_Melloi_II_Sei_no_Jikenbo_S01_E07_VOSTFR.mov,64.87,2026-05-20 03:18:21,C:/
C:/Users\PROBOOK 650 G3\Downloads\Telegram Desktop\log_horizon\Log Horizon Episode 006 (VF).mp4,64.86,2026-06-28 17:19:46,C:/
C:/Eudes\DAO.pdf,64.84,2026-07-03 12:23:50,C:/
C:/Users\PROBOOK 650 G3\Downloads\DAO (1).pdf,64.83,2026-06-05 02:49:23,C:/
C:/Users\PROBOOK 650 G3\Downloads\DAO.pdf,64.83,2026-06-05 02:47:24,C:/
C:/Users\PROBOOK 650 G3\Downloads\Telegram Desktop\1.mkv,64.72,2026-06-08 05:02:04,C:/
C:/Users\PROBOOK 650 G3\Downloads\Telegram Desktop\@MyAnimeFrench_Lord_El_Melloi_II_Sei_no_Jikenbo_S01_E06_VOSTFR.mov,64.68,2026-05-20 03:13:48,C:/
E:/Nouveau dossier (2)\Classroom_of_the_elite_S04_EP13_VOSTFR_Convertie_@AnimeGinga_@otaku.mkv,64.66,2026-06-04 23:05:04,E:/
C:/Users\PROBOOK 650 G3\Downloads\Telegram Desktop\log_horizon\Log Horizon Episode 022 (VF).mp4,64.57,2026-06-28 17:57:51,C:/
C:/Users\PROBOOK 650 G3\Downloads\Telegram Desktop\@MyAnimeFrench_Lord_El_Melloi_II_Sei_no_Jikenbo_S01_E08_VOSTFR.mov,64.28,2026-05-20 03:22:52,C:/
C:/Users\PROBOOK 650 G3\Downloads\Telegram Desktop\Nouveau dossier\_@AnimesVFV0STFR_I_Parry_Everything_E12_S1_VF_🔚🔚🔚.mp4,64.24,2026-03-15 21:32:20,C:/
C:/Users\PROBOOK 650 G3\Downloads\Telegram Desktop\A (11).mkv,64.18,2026-06-08 05:19:42,C:/
E:/Nouveau dossier (2)\The_water_magician\_The_Water_Magician_S01_E10_VOSTFR_@IsekaiListe_@AtlasFlintMaster.mkv,64.03,2026-05-20 02:19:54,E:/
C:/Users\PROBOOK 650 G3\Downloads\Telegram Desktop\Marriage_Toxin_S1\MARRIAGE_TOXIN_S01_EP02_VF_@AnimeGinga_@otaku_sekailiste_@AnimeGinga.MP4,63.98,2026-07-03 12:24:11,C:/
C:/Users\PROBOOK 650 G3\Downloads\Telegram Desktop\ReZero.kara.Hajimeru.Isekai.Seikatsu.S04E07.1080p.AMZN.W.mkv,63.97,2026-05-21 00:52:41,C:/
C:/Users\PROBOOK 650 G3\Downloads\Telegram Desktop\@MyAnimeFrench_Lord_El_Melloi_II_Sei_no_Jikenbo_S01_E01_VOSTFR.mov,63.75,2026-05-20 02:50:10,C:/
C:/Users\PROBOOK 650 G3\Downloads\Telegram Desktop\@MyAnimeFrench_Lord_El_Melloi_II_Sei_no_Jikenbo_S01_E03_VOSTFR.mov,63.7,2026-05-20 02:59:16,C:/
E:/Nouveau dossier (2)\Tokyo_Revengers3\_Tokyo_Revengers_S03_EP08_VF_@AnimeGinga_@otaku_sekailiste_@AnimeGinga.mp4,63.69,2026-06-15 12:36:44,E:/
C:/Users\PROBOOK 650 G3\AppData\Roaming\yuzu\shader\010028600ebda000\vulkan.bin,63.6,2025-09-07 16:58:09,C:/
C:/Users\PROBOOK 650 G3\Downloads\Telegram Desktop\Frieren Beyond Journey's End\[@My_Anime_TV] Frieren - Beyond Journey's End S01E24 VF.mp4,63.6,2026-07-03 14:01:43,C:/
C:/Users\PROBOOK 650 G3\Downloads\Telegram Desktop\@MyAnimeFrench_Lord_El_Melloi_II_Sei_no_Jikenbo_S01_E05_VOSTFR.mov,63.53,2026-05-20 03:08:26,C:/
C:/Users\PROBOOK 650 G3\Downloads\Telegram Desktop\Frieren Beyond Journey's End\[@My_Anime_TV] Frieren - Beyond Journey's End S01E21 VF.mp4,63.48,2026-07-03 13:58:49,C:/
C:/Users\PROBOOK 650 G3\Downloads\Telegram Desktop\Nouveau dossier\[ @AnimesVFV0STFR ] I Parry Everything E05 S1 VF.mkv,63.44,2026-03-13 22:41:48,C:/
C:/Users\PROBOOK 650 G3\Downloads\Telegram Desktop\Shokei Shoujo no Ikiru Michi\video_2022-06-20_19-28-33_.mp4,63.23,2026-06-25 08:55:54,C:/
C:/Users\PROBOOK 650 G3\Downloads\Telegram Desktop\There_as_a_cute_girl_in_the_hero's_party\12.mp4,63.15,2026-06-25 13:34:18,C:/
"C:/Users\PROBOOK 650 G3\Downloads\Telegram Desktop\There_as_a_cute_girl_in_the_hero's_party\_⭐@ROI_ISEKAI⭐There_Was_a_Cute_Girl_in_the_Hero's_Party,_So_I_Tried.mp4",63.15,2026-07-02 12:25:19,C:/
C:/Users\PROBOOK 650 G3\Downloads\Telegram Desktop\There_as_a_cute_girl_in_the_hero's_party\1.mp4,63.09,2026-06-25 13:23:08,C:/
C:/Users\PROBOOK 650 G3\Downloads\Telegram Desktop\Erai_raws_Tsue_to_Tsurugi_no_Wistoria_2nd_Season_07_480p_CR_WEB.mp4,62.7,2026-05-24 15:30:50,C:/
C:/Users\PROBOOK 650 G3\Downloads\Telegram Desktop\Tsukimichi_Moonlit_Fantasy_2\10.mp4,62.6,2026-06-24 16:08:34,C:/
C:/Users\PROBOOK 650 G3\Downloads\Telegram Desktop\I'm_standing_on_million_lives\_⭐@ROI_ISEKAI⭐I'M_STANDING_ON_MILLION_LIVES_S01_EP12_VF.MKV,62.59,2026-06-25 04:37:20,C:/
E:/setup\Git-2.54.0-64-bit.exe,62.16,2026-05-30 04:33:02,E:/
C:/Users\PROBOOK 650 G3\Downloads\Telegram Desktop\Mission 20Yozakura 20Family 20S02E06 20SUBFRENCH 20720p .mkv,62.01,2026-05-24 23:40:52,C:/
E:/Nouveau dossier (2)\S6 EP20 Reverse-Cœur @Ydn (1).mp4,61.85,2026-04-01 20:11:46,E:/
C:/Users\PROBOOK 650 G3\Downloads\Telegram Desktop\Frieren Beyond Journey's End\[@My_Anime_TV] Frieren - Beyond Journey's End S01E27 VF.mp4,61.21,2026-07-03 14:03:21,C:/
C:/Users\PROBOOK 650 G3\Downloads\Telegram Desktop\Frieren Beyond Journey's End\[@My_Anime_TV] Frieren - Beyond Journey's End S01E28 VF.mp4,61.05,2026-07-03 14:04:42,C:/
C:/Users\PROBOOK 650 G3\AppData\Roaming\Code\CachedExtensionVSIXs\.d670e2cc-93f6-4c4a-bba8-320ac6df6f3d,60.96,2026-04-29 20:38:40,C:/
C:/Users\PROBOOK 650 G3\Downloads\Telegram Desktop\Tsukimichi_Moonlit_Fantasy_2\15.mp4,60.83,2026-06-25 02:17:04,C:/
E:/Nouveau dossier (2)\4_5947218502984150037 (1).mp4,60.78,2026-04-12 01:06:20,E:/
E:/Nouveau dossier (2)\4_5947218502984150037.mp4,60.78,2026-04-12 00:36:56,E:/
C:/Users\PROBOOK 650 G3\Downloads\Telegram Desktop\Nouveau dossier\[ @AnimesVFV0STFR ] I Parry Everything E06 S1 VF.mp4,60.77,2026-03-13 23:06:57,C:/
C:/Users\PROBOOK 650 G3\Downloads\Telegram Desktop\Tsukimichi_Moonlit_Fantasy_1\@AnimesGratuit_Tsukimichi_Moonlit_Fantasy_S01EP12_FIN_VOSTFR.mp4,60.7,2026-06-25 13:46:05,C:/
C:/Users\PROBOOK 650 G3\AppData\Roaming\Python\Python314\site-packages\chromadb_rust_bindings\chromadb_rust_bindings.pyd,60.08,2026-04-26 13:10:09,C:/
C:/Users\PROBOOK 650 G3\rag-local\Lib\site-packages\chromadb_rust_bindings\chromadb_rust_bindings.pyd,60.08,2026-04-17 11:23:00,C:/
E:/Nouveau dossier (2)\Tokyo_Revengers3\_Tokyo_Revengers_S03_EP06_VF_@AnimeGinga_@otaku_sekailiste_@AnimeGinga.mp4,59.61,2026-06-15 11:48:22,E:/
C:/Users\PROBOOK 650 G3\AppData\Local\Programs\Python\Python313\Lib\site-packages\chromadb_rust_bindings\chromadb_rust_bindings.pyd,59.03,2026-04-16 21:38:09,C:/
C:/Users\PROBOOK 650 G3\Downloads\Telegram Desktop\5BNew-raws 205D 2020Tate 2020no 2020Yuusha 2020no 2020Na.mkv,58.9,2026-05-20 01:10:36,C:/
E:/Nouveau dossier (2)\Buddy_daddies\video_2023-02-24_19-08-40.mp4,58.83,2026-05-31 16:00:50,E:/
C:/Users\PROBOOK 650 G3\AppData\Local\CapCut\Apps\8.5.0.3590\videoeditor.dll,58.57,2026-04-19 14:30:57,C:/
E:/Nouveau dossier (2)\Tokyo_Revengers3\_Tokyo_Revengers_S03_EP02_VF_@AnimeGinga_@otaku_sekailiste_@AnimeGinga.mp4,58.4,2026-06-15 11:23:26,E:/
C:/Users\PROBOOK 650 G3\AppData\Local\Autodesk\ODIS\DLM.log,57.89,2026-07-02 12:28:40,C:/
E:/Nouveau dossier (2)\Pleure pour cette  fleur\[@Scanfr6] Tears On A Withered Flowers chap 72-74.cbz,57.83,2026-03-12 23:03:22,E:/
E:/Nouveau dossier (2)\1_5055667082851518169.mp4,57.78,2026-03-26 18:11:42,E:/
E:/Nouveau dossier (2)\Tokyo_Revengers3\_Tokyo_Revengers_S03_EP03_VF_@AnimeGinga_@otaku_sekailiste_@AnimeGinga.mp4,57.62,2026-06-15 14:42:46,E:/
C:/Users\PROBOOK 650 G3\Downloads\Telegram Desktop\Tsukimichi_Moonlit_Fantasy_2\19.mp4,57.49,2026-06-25 01:06:50,C:/
C:/Users\PROBOOK 650 G3\AppData\Local\MEGAsync\MEGAsync.exe,57.27,2026-06-17 16:21:02,C:/
E:/Nouveau dossier (2)\Tokyo_Revengers3\_Tokyo_Revengers_S03_EP04_VF_@AnimeGinga_@otaku_sekailiste_@AnimeGinga.mp4,57.26,2026-06-15 11:28:24,E:/
C:/Users\PROBOOK 650 G3\Downloads\Telegram Desktop\Tsukimichi_Moonlit_Fantasy_1\[@AnimesGratuit] Tsukimichi Moonlit Fantasy S01EP08 VOSTFR.mp4,56.81,2026-06-25 14:46:34,C:/
E:/Nouveau dossier (2)\kanojo.mkv,56.5,2026-06-03 19:19:40,E:/
E:/setup\Autodesk_AutoCAD_2026_VBA_Enabler.exe,56.13,2026-05-21 17:27:22,E:/
C:/Users\PROBOOK 650 G3\Downloads\Telegram Desktop\Tsukimichi_Moonlit_Fantasy_2\25.mp4,56.09,2026-06-25 01:15:11,C:/
C:/Users\PROBOOK 650 G3\AppData\LocalLow\Adobe\GrowthSDK\Production\x64\content\000.072\assets.db-wal,56.0,2026-04-22 06:35:13,C:/
C:/ProgramData\chocolatey\lib\python314\python314.nupkg,55.91,2026-04-16 19:14:26,C:/
E:/Nouveau dossier (2)\Pleure pour cette  fleur\[@Scanfr6] Tears on a Withered Flower chap 26.cbz,55.83,2026-03-12 22:53:56,E:/
C:/Users\PROBOOK 650 G3\Downloads\Telegram Desktop\Frieren Beyond Journey's End\[@My_Anime_TV] Frieren - Beyond Journey's End S01E19 VF.mp4,55.53,2026-07-03 13:56:45,C:/
C:/Users\PROBOOK 650 G3\Downloads\Telegram Desktop\Nouveau dossier (2)\@webtoonsworld_🈴️_Magic_Academy_s_Genius_Blinker_87_91.cbz,55.39,2026-06-28 11:02:18,C:/
C:/Users\PROBOOK 650 G3\AppData\Local\Programs\Ollama\lib\ollama\vulkan\ggml-vulkan.dll,55.37,2026-06-05 07:48:48,C:/
C:/Users\PROBOOK 650 G3\Downloads\Telegram Desktop\yoo.mkv,55.33,2026-05-21 00:49:07,C:/
C:/Users\PROBOOK 650 G3\AppData\LocalLow\Adobe\GrowthSDK\Production\x64\content\000.072\assets.db,55.22,2026-04-22 06:35:14,C:/
C:/Users\PROBOOK 650 G3\Downloads\Telegram Desktop\Nouveau dossier\[ @AnimesVFV0STFR ] I Parry Everything E11 S1 VF.mp4,55.02,2026-03-15 11:29:13,C:/
C:/Users\PROBOOK 650 G3\AppData\Roaming\SketchUp\SketchUp 2024\SketchUp\Plugins\su_revit_importer_installer\binaries\bin\OdBmSKP\Qt6Gui.pdb,55.0,2025-12-19 14:27:22,C:/
E:/Nouveau dossier (2)\The_water_magician\_The_Water_Magician_S01_E04_VOSTFR_@IsekaiListe_@AtlasFlintMaster.mp4,54.93,2026-05-20 02:42:48,E:/
C:/Users\PROBOOK 650 G3\AppData\Roaming\SketchUp\SketchUp 2024\SketchUp\Plugins\su_revit_importer_installer\binaries\bin\OdBmSKP\Qt6Quick.pdb,54.8,2025-12-19 14:27:22,C:/
C:/Users\PROBOOK 650 G3\Downloads\Telegram Desktop\Dddd (2).mp4,54.71,2026-06-25 00:23:11,C:/
E:/setup\Sap2000.zip,54.61,2026-05-30 04:37:20,E:/
C:/Users\PROBOOK 650 G3\Downloads\Telegram Desktop\[@webtoonsworld] My Bias Gets On The Last Train chap 26-30\Chapter 26.cbz,54.4,2025-09-21 23:00:44,C:/
E:/Nouveau dossier (2)\The_water_magician\_The_Water_Magician_S01_E08_VOSTFR_@IsekaiListe_@AtlasFlintMaster.mp4,54.24,2026-05-20 02:28:24,E:/
E:/Nouveau dossier (2)\The_water_magician\_The_Water_Magician_S01_E06_VOSTFR_@IsekaiListe_@AtlasFlintMaster.mp4,53.61,2026-05-20 02:35:56,E:/
C:/Users\PROBOOK 650 G3\Downloads\Telegram Desktop\Nouveau dossier\[ @AnimesVFV0STFR ] I Parry Everything E02 S1 VF.mp4,53.2,2026-03-13 19:57:19,C:/
C:/Users\PROBOOK 650 G3\Downloads\Telegram Desktop\Clevatless\Clevatess_S01_EP02_VF@AnimeGinga_@otaku_sekailiste@AnimeGinga_FR.mp4,52.64,2026-06-28 16:46:05,C:/
E:/Nouveau dossier (2)\The_water_magician\_The_Water_Magician_S01_E07_VOSTFR_@IsekaiListe_@AtlasFlintMaster.mp4,52.44,2026-05-20 02:32:08,E:/
C:/Users\PROBOOK 650 G3\Musique\GIMS - CONTACT (Clip officiel).mp4,52.39,2025-06-15 14:34:15,C:/
C:/Users\PROBOOK 650 G3\OneDrive\Musique\GIMS - CONTACT (Clip officiel).mp4,52.39,2025-06-15 14:34:15,C:/
E:/setup\ps11.0.0.129pro.exe,52.27,2025-05-14 00:52:28,E:/
C:/Users\PROBOOK 650 G3\Downloads\Telegram Desktop\Marriage_Toxin_S1\MARRIAGE_TOXIN_S01_EP08_VF_convertie_@AnimeGinga_@otaku_sekailiste@AnimeGinga.MP4,52.04,2026-07-03 12:46:12,C:/
E:/Nouveau dossier (2)\The_water_magician\_The_Water_Magician_S01_E12_VOSTFR🔚_@IsekaiListe_@AtlasFlintMaster.mp4,51.43,2026-05-20 02:04:06,E:/
C:/Users\PROBOOK 650 G3\Downloads\Telegram Desktop\Frieren Beyond Journey's End\[@My_Anime_TV] Frieren - Beyond Journey's End S01E17 VF.mp4,51.34,2026-07-03 13:29:05,C:/
C:/ProgramData\Package Cache\5d22529ef6c3138abd4461e30d3eb300aa3ea365386d013e3dc8e4347f0611f9\windowsdesktop-runtime-8.0.14-win-x86.exe,51.29,2025-04-17 00:56:33,C:/
E:/data\eudes\CRÉATION CONTENU D'ANNIVERSAIRE.mp4,51.14,2025-11-09 20:51:38,E:/
C:/Users\PROBOOK 650 G3\Downloads\Telegram Desktop\[@webtoonsworld] My Bias Gets On The Last Train chap 21-25\Chapter 23.cbz,51.09,2025-09-21 22:59:02,C:/
C:/Users\PROBOOK 650 G3\Downloads\Telegram Desktop\[@webtoonsworld] My Bias Gets On The Last Train chap 36-43\Chapter 37.cbz,50.94,2025-09-21 23:03:18,C:/
C:/Users\PROBOOK 650 G3\Downloads\Telegram Desktop\[@webtoonsworld] My Bias Gets On The Last Train chap 26-30\Chapter 30.cbz,50.86,2025-09-21 23:00:26,C:/
C:/Users\PROBOOK 650 G3\Downloads\Telegram Desktop\[@webtoonsworld] My Bias Gets On The Last Train chap 36-43\Chapter 38.cbz,50.86,2025-09-21 23:03:14,C:/
C:/Users\PROBOOK 650 G3\Downloads\Telegram Desktop\[@webtoonsworld] My Bias Gets On The Last Train chap 31-35\Chapter 33.cbz,50.82,2025-09-21 23:01:34,C:/
C:/Users\PROBOOK 650 G3\Downloads\Telegram Desktop\[@webtoonsworld] My Bias Gets On The Last Train chap 26-30\Chapter 28.cbz,50.27,2025-09-21 23:00:36,C:/
C:/ProgramData\Microsoft\Windows Defender\Definition Updates\{3282CF2C-8FA0-4DAD-80D2-336EA38DAA46}\mpavbase.vdm,50.21,2024-11-05 13:28:46,C:/
